model,iteration,average_prob
Model1,20000,5.35966e-62
Model1,40000,5.39217e-62
Model1,60000,5.34839e-62
Model1,80000,5.23981e-62
Model1,100000,5.17104e-62
Model1,120000,5.20864e-62
Model1,140000,5.11544e-62
Model1,160000,5.07401e-62
Model1,180000,5.0241e-62
Model1,200000,5.05123e-62
Model1,220000,5.07673e-62
Model1,240000,5.08302e-62
Model1,260000,5.0713e-62
Model1,280000,5.0581e-62
Model1,300000,5.01872e-62
Model1,320000,5.01394e-62
Model1,340000,5.02392e-62
Model1,360000,5.01411e-62
Model1,380000,5.00079e-62
Model1,400000,5.00903e-62
Model1,420000,5.0118e-62
Model1,440000,5.00125e-62
Model1,460000,5.01921e-62
Model1,480000,5.03611e-62
Model1,500000,5.02919e-62
Model1,520000,5.03527e-62
Model1,540000,5.04188e-62
Model1,560000,5.02432e-62
Model1,580000,5.01946e-62
Model1,600000,5.01118e-62
Model1,620000,4.99925e-62
Model1,640000,4.99565e-62
Model1,660000,4.99681e-62
Model1,680000,5.0159e-62
Model1,700000,5.01084e-62
Model1,720000,5.00244e-62
Model1,740000,5.00651e-62
Model1,760000,5.00771e-62
Model1,780000,5.01164e-62
Model1,800000,5.01698e-62
Model1,820000,5.01485e-62
Model1,840000,5.00813e-62
Model1,860000,5.00559e-62
Model1,880000,4.99983e-62
Model1,900000,4.99875e-62
Model1,920000,5.00286e-62
Model1,940000,5.00333e-62
Model1,960000,5.00299e-62
Model1,980000,5.00331e-62
Model1,1000000,4.99382e-62
Model1,1020000,4.99706e-62
Model1,1040000,4.99982e-62
Model1,1060000,4.99632e-62
Model1,1080000,5.00095e-62
Model1,1100000,5.00398e-62
Model1,1120000,4.99149e-62
Model1,1140000,4.99607e-62
Model1,1160000,5.00117e-62
Model1,1180000,4.99497e-62
Model1,1200000,4.99257e-62
Model1,1220000,4.99462e-62
Model1,1240000,4.9913e-62
Model1,1260000,4.98751e-62
Model1,1280000,4.99041e-62
Model1,1300000,4.99573e-62
Model1,1320000,4.99275e-62
Model1,1340000,4.9972e-62
Model1,1360000,4.99879e-62
Model1,1380000,5.00118e-62
Model1,1400000,5.00321e-62
Model1,1420000,5.0054e-62
Model1,1440000,5.00454e-62
Model1,1460000,5.01267e-62
Model1,1480000,5.01314e-62
Model1,1500000,5.01382e-62
Model1,1520000,5.00543e-62
Model1,1540000,5.00674e-62
Model1,1560000,5.0065e-62
Model1,1580000,5.00952e-62
Model1,1600000,5.01602e-62
Model1,1620000,5.01698e-62
Model1,1640000,5.0169e-62
Model1,1660000,5.02127e-62
Model1,1680000,5.0244e-62
Model1,1700000,5.02703e-62
Model1,1720000,5.02285e-62
Model1,1740000,5.02653e-62
Model1,1760000,5.02237e-62
Model1,1780000,5.01975e-62
Model1,1800000,5.02108e-62
Model1,1820000,5.02027e-62
Model1,1840000,5.01683e-62
Model1,1860000,5.0187e-62
Model1,1880000,5.01922e-62
Model1,1900000,5.01763e-62
Model1,1920000,5.01761e-62
Model1,1940000,5.02114e-62
Model1,1960000,5.01926e-62
Model1,1980000,5.02401e-62
Model1,2000000,5.02185e-62
Model2,20000,7.03717e-62
Model2,40000,7.93245e-62
Model2,60000,7.93459e-62
Model2,80000,8.12686e-62
Model2,100000,8.17433e-62
Model2,120000,8.25107e-62
Model2,140000,8.33576e-62
Model2,160000,8.31449e-62
Model2,180000,8.28486e-62
Model2,200000,8.18926e-62
Model2,220000,8.11509e-62
Model2,240000,8.21762e-62
Model2,260000,8.30053e-62
Model2,280000,8.41245e-62
Model2,300000,8.46543e-62
Model2,320000,8.45247e-62
Model2,340000,8.45504e-62
Model2,360000,8.35658e-62
Model2,380000,8.27156e-62
Model2,400000,8.21905e-62
Model2,420000,8.28757e-62
Model2,440000,8.21093e-62
Model2,460000,8.13919e-62
Model2,480000,8.11149e-62
Model2,500000,8.07588e-62
Model2,520000,8.09317e-62
Model2,540000,8.07182e-62
Model2,560000,8.05915e-62
Model2,580000,8.04171e-62
Model2,600000,8.14875e-62
Model2,620000,8.12381e-62
Model2,640000,8.19962e-62
Model2,660000,8.19151e-62
Model2,680000,8.21209e-62
Model2,700000,8.17898e-62
Model2,720000,8.187e-62
Model2,740000,8.22364e-62
Model2,760000,8.21147e-62
Model2,780000,8.20767e-62
Model2,800000,8.20392e-62
Model2,820000,8.18737e-62
Model2,840000,8.20387e-62
Model2,860000,8.22451e-62
Model2,880000,8.23699e-62
Model2,900000,8.24439e-62
Model2,920000,8.27766e-62
Model2,940000,8.25889e-62
Model2,960000,8.23541e-62
Model2,980000,8.22088e-62
Model2,1000000,8.21903e-62
Model2,1020000,8.18657e-62
Model2,1040000,8.197e-62
Model2,1060000,8.19752e-62
Model2,1080000,8.19415e-62
Model2,1100000,8.19495e-62
Model2,1120000,8.16734e-62
Model2,1140000,8.15303e-62
Model2,1160000,8.15128e-62
Model2,1180000,8.14845e-62
Model2,1200000,8.19752e-62
Model2,1220000,8.21943e-62
Model2,1240000,8.21577e-62
Model2,1260000,8.20905e-62
Model2,1280000,8.21776e-62
Model2,1300000,8.20489e-62
Model2,1320000,8.20479e-62
Model2,1340000,8.22898e-62
Model2,1360000,8.24494e-62
Model2,1380000,8.24396e-62
Model2,1400000,8.23408e-62
Model2,1420000,8.24915e-62
Model2,1440000,8.26965e-62
Model2,1460000,8.26002e-62
Model2,1480000,8.26068e-62
Model2,1500000,8.29118e-62
Model2,1520000,8.32915e-62
Model2,1540000,8.32173e-62
Model2,1560000,8.30386e-62
Model2,1580000,8.30658e-62
Model2,1600000,8.30679e-62
Model2,1620000,8.29505e-62
Model2,1640000,8.29443e-62
Model2,1660000,8.29719e-62
Model2,1680000,8.29455e-62
Model2,1700000,8.27714e-62
Model2,1720000,8.28205e-62
Model2,1740000,8.28062e-62
Model2,1760000,8.26546e-62
Model2,1780000,8.27168e-62
Model2,1800000,8.28022e-62
Model2,1820000,8.28696e-62
Model2,1840000,8.2771e-62
Model2,1860000,8.27086e-62
Model2,1880000,8.25652e-62
Model2,1900000,8.2551e-62
Model2,1920000,8.24444e-62
Model2,1940000,8.23413e-62
Model2,1960000,8.24062e-62
Model2,1980000,8.26134e-62
Model2,2000000,8.26088e-62
Model1,20000,1.30861e-100
Model1,40000,1.40973e-100
Model1,60000,1.33708e-100
Model1,80000,1.29431e-100
Model1,100000,1.33745e-100
Model1,120000,1.32993e-100
Model1,140000,1.30169e-100
Model1,160000,1.33681e-100
Model1,180000,1.35348e-100
Model1,200000,1.33792e-100
Model1,220000,1.33291e-100
Model1,240000,1.34113e-100
Model1,260000,1.35605e-100
Model1,280000,1.33885e-100
Model1,300000,1.33111e-100
Model1,320000,1.31941e-100
Model1,340000,1.31222e-100
Model1,360000,1.31006e-100
Model1,380000,1.30882e-100
Model1,400000,1.29653e-100
Model1,420000,1.29661e-100
Model1,440000,1.29624e-100
Model1,460000,1.29839e-100
Model1,480000,1.29881e-100
Model1,500000,1.30628e-100
Model1,520000,1.29753e-100
Model1,540000,1.29798e-100
Model1,560000,1.30141e-100
Model1,580000,1.29892e-100
Model1,600000,1.29249e-100
Model1,620000,1.29855e-100
Model1,640000,1.30182e-100
Model1,660000,1.30348e-100
Model1,680000,1.30646e-100
Model1,700000,1.31039e-100
Model1,720000,1.30687e-100
Model1,740000,1.30964e-100
Model1,760000,1.30604e-100
Model1,780000,1.30067e-100
Model1,800000,1.30525e-100
Model1,820000,1.30031e-100
Model1,840000,1.30263e-100
Model1,860000,1.30151e-100
Model1,880000,1.30446e-100
Model1,900000,1.30671e-100
Model1,920000,1.30308e-100
Model1,940000,1.30566e-100
Model1,960000,1.30571e-100
Model1,980000,1.31098e-100
Model1,1000000,1.31252e-100
Model1,1020000,1.30999e-100
Model1,1040000,1.31119e-100
Model1,1060000,1.3099e-100
Model1,1080000,1.30874e-100
Model1,1100000,1.31062e-100
Model1,1120000,1.31108e-100
Model1,1140000,1.30792e-100
Model1,1160000,1.30469e-100
Model1,1180000,1.30071e-100
Model1,1200000,1.29683e-100
Model1,1220000,1.29805e-100
Model1,1240000,1.29911e-100
Model1,1260000,1.29686e-100
Model1,1280000,1.29822e-100
Model1,1300000,1.30173e-100
Model1,1320000,1.29989e-100
Model1,1340000,1.30061e-100
Model1,1360000,1.29906e-100
Model1,1380000,1.30022e-100
Model1,1400000,1.30306e-100
Model1,1420000,1.30222e-100
Model1,1440000,1.29914e-100
Model1,1460000,1.29969e-100
Model1,1480000,1.3037e-100
Model1,1500000,1.30145e-100
Model1,1520000,1.29782e-100
Model1,1540000,1.2943e-100
Model1,1560000,1.29736e-100
Model1,1580000,1.29471e-100
Model1,1600000,1.29998e-100
Model1,1620000,1.30482e-100
Model1,1640000,1.30481e-100
Model1,1660000,1.30251e-100
Model1,1680000,1.30088e-100
Model1,1700000,1.29854e-100
Model1,1720000,1.29741e-100
Model1,1740000,1.29827e-100
Model1,1760000,1.2948e-100
Model1,1780000,1.29669e-100
Model1,1800000,1.30007e-100
Model1,1820000,1.29866e-100
Model1,1840000,1.30032e-100
Model1,1860000,1.29818e-100
Model1,1880000,1.2986e-100
Model1,1900000,1.29801e-100
Model1,1920000,1.29769e-100
Model1,1940000,1.29813e-100
Model1,1960000,1.29781e-100
Model1,1980000,1.29765e-100
Model1,2000000,1.29784e-100
Model2,20000,3.84691e-101
Model2,40000,3.8113e-101
Model2,60000,3.56794e-101
Model2,80000,3.40202e-101
Model2,100000,3.73975e-101
Model2,120000,3.83206e-101
Model2,140000,3.84594e-101
Model2,160000,3.86843e-101
Model2,180000,3.85495e-101
Model2,200000,3.87297e-101
Model2,220000,3.84034e-101
Model2,240000,3.80415e-101
Model2,260000,3.85877e-101
Model2,280000,3.80525e-101
Model2,300000,3.86615e-101
Model2,320000,3.88852e-101
Model2,340000,3.92274e-101
Model2,360000,3.95513e-101
Model2,380000,4.00109e-101
Model2,400000,3.96799e-101
Model2,420000,4.00442e-101
Model2,440000,3.99235e-101
Model2,460000,4.01586e-101
Model2,480000,4.02403e-101
Model2,500000,4.0551e-101
Model2,520000,4.06317e-101
Model2,540000,4.12336e-101
Model2,560000,4.12603e-101
Model2,580000,4.1465e-101
Model2,600000,4.14528e-101
Model2,620000,4.14654e-101
Model2,640000,4.11481e-101
Model2,660000,4.13066e-101
Model2,680000,4.11471e-101
Model2,700000,4.11585e-101
Model2,720000,4.11238e-101
Model2,740000,4.08177e-101
Model2,760000,4.09265e-101
Model2,780000,4.11323e-101
Model2,800000,4.1048e-101
Model2,820000,4.07448e-101
Model2,840000,4.05919e-101
Model2,860000,4.02984e-101
Model2,880000,4.05081e-101
Model2,900000,4.04223e-101
Model2,920000,4.02675e-101
Model2,940000,4.05174e-101
Model2,960000,4.05679e-101
Model2,980000,4.059e-101
Model2,1000000,4.03968e-101
Model2,1020000,4.06056e-101
Model2,1040000,4.05406e-101
Model2,1060000,4.0342e-101
Model2,1080000,4.03298e-101
Model2,1100000,4.02436e-101
Model2,1120000,3.99574e-101
Model2,1140000,4.00581e-101
Model2,1160000,4.00873e-101
Model2,1180000,3.99676e-101
Model2,1200000,3.9884e-101
Model2,1220000,3.9994e-101
Model2,1240000,3.98813e-101
Model2,1260000,3.991e-101
Model2,1280000,4.005e-101
Model2,1300000,4.01535e-101
Model2,1320000,4.01797e-101
Model2,1340000,4.0309e-101
Model2,1360000,4.02454e-101
Model2,1380000,4.02233e-101
Model2,1400000,4.04147e-101
Model2,1420000,4.03094e-101
Model2,1440000,4.02415e-101
Model2,1460000,4.02653e-101
Model2,1480000,4.03105e-101
Model2,1500000,4.02368e-101
Model2,1520000,4.03313e-101
Model2,1540000,4.02302e-101
Model2,1560000,4.02189e-101
Model2,1580000,4.03211e-101
Model2,1600000,4.03491e-101
Model2,1620000,4.04455e-101
Model2,1640000,4.05725e-101
Model2,1660000,4.06277e-101
Model2,1680000,4.06837e-101
Model2,1700000,4.06122e-101
Model2,1720000,4.08535e-101
Model2,1740000,4.08224e-101
Model2,1760000,4.07374e-101
Model2,1780000,4.07382e-101
Model2,1800000,4.07712e-101
Model2,1820000,4.08095e-101
Model2,1840000,4.07515e-101
Model2,1860000,4.08475e-101
Model2,1880000,4.08689e-101
Model2,1900000,4.10405e-101
Model2,1920000,4.10982e-101
Model2,1940000,4.10478e-101
Model2,1960000,4.10437e-101
Model2,1980000,4.09868e-101
Model2,2000000,4.10606e-101
Model1,20000,5.32124e-21
Model1,40000,5.16416e-21
Model1,60000,4.78975e-21
Model1,80000,4.5452e-21
Model1,100000,4.85805e-21
Model1,120000,5.13583e-21
Model1,140000,5.0964e-21
Model1,160000,5.39411e-21
Model1,180000,5.39241e-21
Model1,200000,5.45414e-21
Model1,220000,5.41309e-21
Model1,240000,5.52348e-21
Model1,260000,5.50347e-21
Model1,280000,5.58266e-21
Model1,300000,5.51044e-21
Model1,320000,5.50862e-21
Model1,340000,5.56637e-21
Model1,360000,5.56135e-21
Model1,380000,5.54276e-21
Model1,400000,5.49359e-21
Model1,420000,5.47919e-21
Model1,440000,5.46613e-21
Model1,460000,5.41624e-21
Model1,480000,5.45297e-21
Model1,500000,5.45113e-21
Model1,520000,5.46082e-21
Model1,540000,5.4453e-21
Model1,560000,5.48426e-21
Model1,580000,5.50276e-21
Model1,600000,5.46995e-21
Model1,620000,5.45371e-21
Model1,640000,5.44452e-21
Model1,660000,5.43455e-21
Model1,680000,5.41089e-21
Model1,700000,5.39663e-21
Model1,720000,5.38857e-21
Model1,740000,5.3994e-21
Model1,760000,5.42681e-21
Model1,780000,5.40888e-21
Model1,800000,5.40224e-21
Model1,820000,5.36876e-21
Model1,840000,5.39241e-21
Model1,860000,5.4016e-21
Model1,880000,5.40848e-21
Model1,900000,5.41326e-21
Model1,920000,5.41351e-21
Model1,940000,5.41709e-21
Model1,960000,5.4043e-21
Model1,980000,5.43862e-21
Model1,1000000,5.43648e-21
Model1,1020000,5.43004e-21
Model1,1040000,5.43957e-21
Model1,1060000,5.44386e-21
Model1,1080000,5.45421e-21
Model1,1100000,5.43874e-21
Model1,1120000,5.45839e-21
Model1,1140000,5.44662e-21
Model1,1160000,5.45247e-21
Model1,1180000,5.45622e-21
Model1,1200000,5.43929e-21
Model1,1220000,5.44848e-21
Model1,1240000,5.4801e-21
Model1,1260000,5.48134e-21
Model1,1280000,5.48331e-21
Model1,1300000,5.49166e-21
Model1,1320000,5.49672e-21
Model1,1340000,5.48797e-21
Model1,1360000,5.49437e-21
Model1,1380000,5.49462e-21
Model1,1400000,5.49607e-21
Model1,1420000,5.49949e-21
Model1,1440000,5.4975e-21
Model1,1460000,5.50683e-21
Model1,1480000,5.49372e-21
Model1,1500000,5.49745e-21
Model1,1520000,5.49892e-21
Model1,1540000,5.47432e-21
Model1,1560000,5.45701e-21
Model1,1580000,5.45457e-21
Model1,1600000,5.43955e-21
Model1,1620000,5.44678e-21
Model1,1640000,5.44252e-21
Model1,1660000,5.43922e-21
Model1,1680000,5.42278e-21
Model1,1700000,5.411e-21
Model1,1720000,5.40429e-21
Model1,1740000,5.41229e-21
Model1,1760000,5.40555e-21
Model1,1780000,5.40695e-21
Model1,1800000,5.40735e-21
Model1,1820000,5.417e-21
Model1,1840000,5.41662e-21
Model1,1860000,5.41674e-21
Model1,1880000,5.41623e-21
Model1,1900000,5.42147e-21
Model1,1920000,5.42119e-21
Model1,1940000,5.42637e-21
Model1,1960000,5.4204e-21
Model1,1980000,5.42188e-21
Model1,2000000,5.42188e-21
Model2,20000,6.98823e-22
Model2,40000,7.53906e-22
Model2,60000,8.34144e-22
Model2,80000,8.64453e-22
Model2,100000,9.11517e-22
Model2,120000,8.98238e-22
Model2,140000,8.85069e-22
Model2,160000,8.89021e-22
Model2,180000,8.44856e-22
Model2,200000,8.5292e-22
Model2,220000,8.43246e-22
Model2,240000,8.14002e-22
Model2,260000,8.02344e-22
Model2,280000,8.10426e-22
Model2,300000,8.29281e-22
Model2,320000,8.326e-22
Model2,340000,8.38077e-22
Model2,360000,8.34022e-22
Model2,380000,8.29162e-22
Model2,400000,8.53358e-22
Model2,420000,8.59669e-22
Model2,440000,8.73843e-22
Model2,460000,8.74575e-22
Model2,480000,8.64868e-22
Model2,500000,8.58283e-22
Model2,520000,8.49855e-22
Model2,540000,8.56858e-22
Model2,560000,8.59235e-22
Model2,580000,8.73999e-22
Model2,600000,8.67285e-22
Model2,620000,8.61641e-22
Model2,640000,8.69308e-22
Model2,660000,8.63052e-22
Model2,680000,8.61396e-22
Model2,700000,8.54208e-22
Model2,720000,8.59082e-22
Model2,740000,8.54852e-22
Model2,760000,8.60069e-22
Model2,780000,8.71784e-22
Model2,800000,8.73835e-22
Model2,820000,8.73984e-22
Model2,840000,8.81361e-22
Model2,860000,8.82654e-22
Model2,880000,8.83342e-22
Model2,900000,8.78296e-22
Model2,920000,8.75104e-22
Model2,940000,8.81453e-22
Model2,960000,8.77221e-22
Model2,980000,8.76629e-22
Model2,1000000,8.77023e-22
Model2,1020000,8.80429e-22
Model2,1040000,8.78937e-22
Model2,1060000,8.77416e-22
Model2,1080000,8.82601e-22
Model2,1100000,8.80254e-22
Model2,1120000,8.76567e-22
Model2,1140000,8.73842e-22
Model2,1160000,8.76539e-22
Model2,1180000,8.79345e-22
Model2,1200000,8.7728e-22
Model2,1220000,8.7098e-22
Model2,1240000,8.6922e-22
Model2,1260000,8.6639e-22
Model2,1280000,8.62953e-22
Model2,1300000,8.6788e-22
Model2,1320000,8.72511e-22
Model2,1340000,8.7475e-22
Model2,1360000,8.75459e-22
Model2,1380000,8.77996e-22
Model2,1400000,8.72252e-22
Model2,1420000,8.70817e-22
Model2,1440000,8.7802e-22
Model2,1460000,8.74145e-22
Model2,1480000,8.73683e-22
Model2,1500000,8.7173e-22
Model2,1520000,8.77853e-22
Model2,1540000,8.84249e-22
Model2,1560000,8.81236e-22
Model2,1580000,8.77713e-22
Model2,1600000,8.76237e-22
Model2,1620000,8.84374e-22
Model2,1640000,8.905e-22
Model2,1660000,8.86237e-22
Model2,1680000,8.89018e-22
Model2,1700000,8.92216e-22
Model2,1720000,8.89054e-22
Model2,1740000,8.86195e-22
Model2,1760000,8.84241e-22
Model2,1780000,8.83909e-22
Model2,1800000,8.90363e-22
Model2,1820000,8.92161e-22
Model2,1840000,8.89752e-22
Model2,1860000,8.85812e-22
Model2,1880000,8.85969e-22
Model2,1900000,8.89456e-22
Model2,1920000,8.89525e-22
Model2,1940000,8.9685e-22
Model2,1960000,8.95449e-22
Model2,1980000,8.91926e-22
Model2,2000000,8.90682e-22
Model1,20000,3.43147e-41
Model1,40000,3.69602e-41
Model1,60000,3.67337e-41
Model1,80000,3.66621e-41
Model1,100000,3.602e-41
Model1,120000,3.62356e-41
Model1,140000,3.58345e-41
Model1,160000,3.58325e-41
Model1,180000,3.53651e-41
Model1,200000,3.51297e-41
Model1,220000,3.51036e-41
Model1,240000,3.51188e-41
Model1,260000,3.4972e-41
Model1,280000,3.46974e-41
Model1,300000,3.4689e-41
Model1,320000,3.47017e-41
Model1,340000,3.45284e-41
Model1,360000,3.46222e-41
Model1,380000,3.45375e-41
Model1,400000,3.45954e-41
Model1,420000,3.46571e-41
Model1,440000,3.45141e-41
Model1,460000,3.46172e-41
Model1,480000,3.45334e-41
Model1,500000,3.45041e-41
Model1,520000,3.44352e-41
Model1,540000,3.44325e-41
Model1,560000,3.44013e-41
Model1,580000,3.44613e-41
Model1,600000,3.44575e-41
Model1,620000,3.44802e-41
Model1,640000,3.45145e-41
Model1,660000,3.46049e-41
Model1,680000,3.46977e-41
Model1,700000,3.48338e-41
Model1,720000,3.49297e-41
Model1,740000,3.4925e-41
Model1,760000,3.48498e-41
Model1,780000,3.49143e-41
Model1,800000,3.49044e-41
Model1,820000,3.48626e-41
Model1,840000,3.4831e-41
Model1,860000,3.4845e-41
Model1,880000,3.47908e-41
Model1,900000,3.47265e-41
Model1,920000,3.46761e-41
Model1,940000,3.45893e-41
Model1,960000,3.46203e-41
Model1,980000,3.45813e-41
Model1,1000000,3.46008e-41
Model1,1020000,3.46217e-41
Model1,1040000,3.46152e-41
Model1,1060000,3.45947e-41
Model1,1080000,3.45761e-41
Model1,1100000,3.4565e-41
Model1,1120000,3.46109e-41
Model1,1140000,3.46051e-41
Model1,1160000,3.46009e-41
Model1,1180000,3.46051e-41
Model1,1200000,3.4607e-41
Model1,1220000,3.46773e-41
Model1,1240000,3.46791e-41
Model1,1260000,3.46157e-41
Model1,1280000,3.45771e-41
Model1,1300000,3.45724e-41
Model1,1320000,3.45782e-41
Model1,1340000,3.4618e-41
Model1,1360000,3.46396e-41
Model1,1380000,3.46484e-41
Model1,1400000,3.46569e-41
Model1,1420000,3.46327e-41
Model1,1440000,3.46278e-41
Model1,1460000,3.4628e-41
Model1,1480000,3.46336e-41
Model1,1500000,3.46623e-41
Model1,1520000,3.46635e-41
Model1,1540000,3.46896e-41
Model1,1560000,3.46935e-41
Model1,1580000,3.47195e-41
Model1,1600000,3.47589e-41
Model1,1620000,3.4735e-41
Model1,1640000,3.47082e-41
Model1,1660000,3.47378e-41
Model1,1680000,3.47637e-41
Model1,1700000,3.47504e-41
Model1,1720000,3.47348e-41
Model1,1740000,3.47329e-41
Model1,1760000,3.47024e-41
Model1,1780000,3.47206e-41
Model1,1800000,3.47141e-41
Model1,1820000,3.47382e-41
Model1,1840000,3.4697e-41
Model1,1860000,3.468e-41
Model1,1880000,3.46591e-41
Model1,1900000,3.46456e-41
Model1,1920000,3.46314e-41
Model1,1940000,3.46077e-41
Model1,1960000,3.46082e-41
Model1,1980000,3.45666e-41
Model1,2000000,3.45817e-41
Model2,20000,2.66403e-41
Model2,40000,2.90602e-41
Model2,60000,2.66071e-41
Model2,80000,2.74998e-41
Model2,100000,2.81641e-41
Model2,120000,2.67767e-41
Model2,140000,2.61999e-41
Model2,160000,2.59582e-41
Model2,180000,2.64727e-41
Model2,200000,2.68274e-41
Model2,220000,2.66198e-41
Model2,240000,2.66549e-41
Model2,260000,2.64031e-41
Model2,280000,2.61302e-41
Model2,300000,2.64109e-41
Model2,320000,2.65679e-41
Model2,340000,2.66926e-41
Model2,360000,2.6884e-41
Model2,380000,2.69055e-41
Model2,400000,2.70765e-41
Model2,420000,2.67875e-41
Model2,440000,2.66478e-41
Model2,460000,2.64998e-41
Model2,480000,2.64075e-41
Model2,500000,2.62532e-41
Model2,520000,2.60776e-41
Model2,540000,2.61256e-41
Model2,560000,2.61601e-41
Model2,580000,2.60013e-41
Model2,600000,2.60884e-41
Model2,620000,2.62304e-41
Model2,640000,2.62611e-41
Model2,660000,2.64102e-41
Model2,680000,2.65223e-41
Model2,700000,2.66809e-41
Model2,720000,2.66344e-41
Model2,740000,2.66845e-41
Model2,760000,2.66112e-41
Model2,780000,2.66566e-41
Model2,800000,2.66399e-41
Model2,820000,2.6645e-41
Model2,840000,2.65899e-41
Model2,860000,2.66214e-41
Model2,880000,2.66561e-41
Model2,900000,2.6762e-41
Model2,920000,2.66523e-41
Model2,940000,2.66377e-41
Model2,960000,2.65716e-41
Model2,980000,2.65016e-41
Model2,1000000,2.65183e-41
Model2,1020000,2.65096e-41
Model2,1040000,2.65037e-41
Model2,1060000,2.63985e-41
Model2,1080000,2.6364e-41
Model2,1100000,2.63304e-41
Model2,1120000,2.63451e-41
Model2,1140000,2.63685e-41
Model2,1160000,2.63788e-41
Model2,1180000,2.6413e-41
Model2,1200000,2.64207e-41
Model2,1220000,2.6373e-41
Model2,1240000,2.63583e-41
Model2,1260000,2.62768e-41
Model2,1280000,2.62448e-41
Model2,1300000,2.63247e-41
Model2,1320000,2.6312e-41
Model2,1340000,2.63145e-41
Model2,1360000,2.63165e-41
Model2,1380000,2.63468e-41
Model2,1400000,2.63429e-41
Model2,1420000,2.64489e-41
Model2,1440000,2.6464e-41
Model2,1460000,2.65313e-41
Model2,1480000,2.65908e-41
Model2,1500000,2.66172e-41
Model2,1520000,2.65718e-41
Model2,1540000,2.65428e-41
Model2,1560000,2.6547e-41
Model2,1580000,2.65556e-41
Model2,1600000,2.65694e-41
Model2,1620000,2.65495e-41
Model2,1640000,2.65624e-41
Model2,1660000,2.66045e-41
Model2,1680000,2.65578e-41
Model2,1700000,2.65807e-41
Model2,1720000,2.66191e-41
Model2,1740000,2.65873e-41
Model2,1760000,2.65918e-41
Model2,1780000,2.66334e-41
Model2,1800000,2.66112e-41
Model2,1820000,2.66113e-41
Model2,1840000,2.66154e-41
Model2,1860000,2.65828e-41
Model2,1880000,2.66053e-41
Model2,1900000,2.66287e-41
Model2,1920000,2.66032e-41
Model2,1940000,2.65804e-41
Model2,1960000,2.66114e-41
Model2,1980000,2.65996e-41
Model2,2000000,2.66176e-41
Model1,20000,1.7793e-45
Model1,40000,1.71567e-45
Model1,60000,1.75199e-45
Model1,80000,1.7434e-45
Model1,100000,1.75011e-45
Model1,120000,1.81398e-45
Model1,140000,1.81276e-45
Model1,160000,1.82498e-45
Model1,180000,1.81661e-45
Model1,200000,1.82555e-45
Model1,220000,1.81387e-45
Model1,240000,1.81932e-45
Model1,260000,1.81299e-45
Model1,280000,1.81295e-45
Model1,300000,1.8016e-45
Model1,320000,1.78898e-45
Model1,340000,1.79329e-45
Model1,360000,1.79639e-45
Model1,380000,1.79567e-45
Model1,400000,1.79501e-45
Model1,420000,1.79429e-45
Model1,440000,1.79108e-45
Model1,460000,1.7851e-45
Model1,480000,1.78414e-45
Model1,500000,1.78168e-45
Model1,520000,1.78523e-45
Model1,540000,1.77898e-45
Model1,560000,1.78169e-45
Model1,580000,1.79012e-45
Model1,600000,1.79215e-45
Model1,620000,1.79032e-45
Model1,640000,1.79403e-45
Model1,660000,1.78941e-45
Model1,680000,1.78495e-45
Model1,700000,1.78813e-45
Model1,720000,1.78371e-45
Model1,740000,1.78088e-45
Model1,760000,1.77667e-45
Model1,780000,1.77577e-45
Model1,800000,1.77755e-45
Model1,820000,1.77613e-45
Model1,840000,1.77926e-45
Model1,860000,1.77925e-45
Model1,880000,1.78433e-45
Model1,900000,1.7907e-45
Model1,920000,1.79194e-45
Model1,940000,1.7924e-45
Model1,960000,1.79349e-45
Model1,980000,1.7913e-45
Model1,1000000,1.79198e-45
Model1,1020000,1.78992e-45
Model1,1040000,1.78931e-45
Model1,1060000,1.79032e-45
Model1,1080000,1.79008e-45
Model1,1100000,1.79273e-45
Model1,1120000,1.7936e-45
Model1,1140000,1.7937e-45
Model1,1160000,1.79445e-45
Model1,1180000,1.79763e-45
Model1,1200000,1.79745e-45
Model1,1220000,1.79934e-45
Model1,1240000,1.80108e-45
Model1,1260000,1.79812e-45
Model1,1280000,1.7972e-45
Model1,1300000,1.79819e-45
Model1,1320000,1.79545e-45
Model1,1340000,1.79516e-45
Model1,1360000,1.79422e-45
Model1,1380000,1.79194e-45
Model1,1400000,1.78597e-45
Model1,1420000,1.78457e-45
Model1,1440000,1.785e-45
Model1,1460000,1.78826e-45
Model1,1480000,1.78639e-45
Model1,1500000,1.78973e-45
Model1,1520000,1.79043e-45
Model1,1540000,1.78817e-45
Model1,1560000,1.78978e-45
Model1,1580000,1.79245e-45
Model1,1600000,1.79278e-45
Model1,1620000,1.79307e-45
Model1,1640000,1.79471e-45
Model1,1660000,1.7965e-45
Model1,1680000,1.79575e-45
Model1,1700000,1.79824e-45
Model1,1720000,1.79898e-45
Model1,1740000,1.79813e-45
Model1,1760000,1.79974e-45
Model1,1780000,1.7972e-45
Model1,1800000,1.79658e-45
Model1,1820000,1.79588e-45
Model1,1840000,1.79481e-45
Model1,1860000,1.79333e-45
Model1,1880000,1.7943e-45
Model1,1900000,1.79317e-45
Model1,1920000,1.79304e-45
Model1,1940000,1.79106e-45
Model1,1960000,1.79354e-45
Model1,1980000,1.79442e-45
Model1,2000000,1.79487e-45
Model2,20000,6.35196e-46
Model2,40000,6.85236e-46
Model2,60000,7.09836e-46
Model2,80000,6.7139e-46
Model2,100000,6.71864e-46
Model2,120000,6.73085e-46
Model2,140000,6.92739e-46
Model2,160000,6.93987e-46
Model2,180000,6.91865e-46
Model2,200000,6.9449e-46
Model2,220000,6.983e-46
Model2,240000,6.96619e-46
Model2,260000,6.94803e-46
Model2,280000,6.88349e-46
Model2,300000,6.90015e-46
Model2,320000,6.89636e-46
Model2,340000,6.87578e-46
Model2,360000,6.93457e-46
Model2,380000,6.9447e-46
Model2,400000,6.90886e-46
Model2,420000,6.9254e-46
Model2,440000,7.00979e-46
Model2,460000,7.04084e-46
Model2,480000,7.0742e-46
Model2,500000,7.03938e-46
Model2,520000,7.0498e-46
Model2,540000,7.05694e-46
Model2,560000,7.05236e-46
Model2,580000,7.04668e-46
Model2,600000,7.0025e-46
Model2,620000,7.00379e-46
Model2,640000,6.98223e-46
Model2,660000,6.97843e-46
Model2,680000,6.95323e-46
Model2,700000,6.93888e-46
Model2,720000,6.95151e-46
Model2,740000,6.97554e-46
Model2,760000,7.01365e-46
Model2,780000,6.9913e-46
Model2,800000,6.9879e-46
Model2,820000,6.95763e-46
Model2,840000,6.9603e-46
Model2,860000,6.98296e-46
Model2,880000,6.98566e-46
Model2,900000,6.98667e-46
Model2,920000,6.96807e-46
Model2,940000,6.96118e-46
Model2,960000,6.96814e-46
Model2,980000,6.96515e-46
Model2,1000000,6.95688e-46
Model2,1020000,6.97915e-46
Model2,1040000,6.97086e-46
Model2,1060000,6.97482e-46
Model2,1080000,6.97105e-46
Model2,1100000,6.95962e-46
Model2,1120000,6.96006e-46
Model2,1140000,6.95864e-46
Model2,1160000,6.95452e-46
Model2,1180000,6.96389e-46
Model2,1200000,6.95592e-46
Model2,1220000,6.94018e-46
Model2,1240000,6.92838e-46
Model2,1260000,6.93134e-46
Model2,1280000,6.93404e-46
Model2,1300000,6.91964e-46
Model2,1320000,6.9037e-46
Model2,1340000,6.92363e-46
Model2,1360000,6.94533e-46
Model2,1380000,6.94387e-46
Model2,1400000,6.95928e-46
Model2,1420000,6.9566e-46
Model2,1440000,6.96414e-46
Model2,1460000,6.96524e-46
Model2,1480000,6.96897e-46
Model2,1500000,6.96487e-46
Model2,1520000,6.9624e-46
Model2,1540000,6.96306e-46
Model2,1560000,6.97222e-46
Model2,1580000,6.9678e-46
Model2,1600000,6.96162e-46
Model2,1620000,6.98493e-46
Model2,1640000,6.99447e-46
Model2,1660000,6.99244e-46
Model2,1680000,7.00016e-46
Model2,1700000,7.00014e-46
Model2,1720000,7.0005e-46
Model2,1740000,7.0139e-46
Model2,1760000,7.01114e-46
Model2,1780000,7.01356e-46
Model2,1800000,7.0108e-46
Model2,1820000,7.01422e-46
Model2,1840000,7.01024e-46
Model2,1860000,7.02818e-46
Model2,1880000,7.02415e-46
Model2,1900000,7.02676e-46
Model2,1920000,7.0443e-46
Model2,1940000,7.04276e-46
Model2,1960000,7.04896e-46
Model2,1980000,7.05615e-46
Model2,2000000,7.0533e-46
Model1,20000,4.50275e-60
Model1,40000,4.5377e-60
Model1,60000,4.62963e-60
Model1,80000,4.51707e-60
Model1,100000,4.64536e-60
Model1,120000,4.64464e-60
Model1,140000,4.69983e-60
Model1,160000,4.73388e-60
Model1,180000,4.73179e-60
Model1,200000,4.76508e-60
Model1,220000,4.80865e-60
Model1,240000,4.8069e-60
Model1,260000,4.83469e-60
Model1,280000,4.82046e-60
Model1,300000,4.82012e-60
Model1,320000,4.83584e-60
Model1,340000,4.84428e-60
Model1,360000,4.82782e-60
Model1,380000,4.83335e-60
Model1,400000,4.8023e-60
Model1,420000,4.81866e-60
Model1,440000,4.82405e-60
Model1,460000,4.79976e-60
Model1,480000,4.79462e-60
Model1,500000,4.78686e-60
Model1,520000,4.77277e-60
Model1,540000,4.7891e-60
Model1,560000,4.79674e-60
Model1,580000,4.77717e-60
Model1,600000,4.77203e-60
Model1,620000,4.76332e-60
Model1,640000,4.76137e-60
Model1,660000,4.77699e-60
Model1,680000,4.77255e-60
Model1,700000,4.77161e-60
Model1,720000,4.78876e-60
Model1,740000,4.79242e-60
Model1,760000,4.78765e-60
Model1,780000,4.78927e-60
Model1,800000,4.79533e-60
Model1,820000,4.80659e-60
Model1,840000,4.7975e-60
Model1,860000,4.79687e-60
Model1,880000,4.77733e-60
Model1,900000,4.78508e-60
Model1,920000,4.79094e-60
Model1,940000,4.79811e-60
Model1,960000,4.79545e-60
Model1,980000,4.79271e-60
Model1,1000000,4.79127e-60
Model1,1020000,4.7908e-60
Model1,1040000,4.78644e-60
Model1,1060000,4.78584e-60
Model1,1080000,4.78531e-60
Model1,1100000,4.78146e-60
Model1,1120000,4.78487e-60
Model1,1140000,4.78579e-60
Model1,1160000,4.78164e-60
Model1,1180000,4.78628e-60
Model1,1200000,4.79145e-60
Model1,1220000,4.79214e-60
Model1,1240000,4.79379e-60
Model1,1260000,4.79928e-60
Model1,1280000,4.79744e-60
Model1,1300000,4.80927e-60
Model1,1320000,4.81694e-60
Model1,1340000,4.81882e-60
Model1,1360000,4.8183e-60
Model1,1380000,4.81098e-60
Model1,1400000,4.80656e-60
Model1,1420000,4.80425e-60
Model1,1440000,4.80451e-60
Model1,1460000,4.80836e-60
Model1,1480000,4.81081e-60
Model1,1500000,4.81069e-60
Model1,1520000,4.81886e-60
Model1,1540000,4.81825e-60
Model1,1560000,4.81555e-60
Model1,1580000,4.81666e-60
Model1,1600000,4.81139e-60
Model1,1620000,4.81595e-60
Model1,1640000,4.82049e-60
Model1,1660000,4.82452e-60
Model1,1680000,4.82473e-60
Model1,1700000,4.82599e-60
Model1,1720000,4.82215e-60
Model1,1740000,4.82267e-60
Model1,1760000,4.82063e-60
Model1,1780000,4.82673e-60
Model1,1800000,4.82653e-60
Model1,1820000,4.82725e-60
Model1,1840000,4.82652e-60
Model1,1860000,4.82612e-60
Model1,1880000,4.82688e-60
Model1,1900000,4.82539e-60
Model1,1920000,4.828e-60
Model1,1940000,4.828e-60
Model1,1960000,4.82992e-60
Model1,1980000,4.8321e-60
Model1,2000000,4.83089e-60
Model2,20000,2.31311e-60
Model2,40000,2.4578e-60
Model2,60000,2.66924e-60
Model2,80000,2.69227e-60
Model2,100000,2.6836e-60
Model2,120000,2.70611e-60
Model2,140000,2.71273e-60
Model2,160000,2.73786e-60
Model2,180000,2.75277e-60
Model2,200000,2.81955e-60
Model2,220000,2.81433e-60
Model2,240000,2.84858e-60
Model2,260000,2.80498e-60
Model2,280000,2.80969e-60
Model2,300000,2.78031e-60
Model2,320000,2.78082e-60
Model2,340000,2.78495e-60
Model2,360000,2.78991e-60
Model2,380000,2.78397e-60
Model2,400000,2.80116e-60
Model2,420000,2.79889e-60
Model2,440000,2.81995e-60
Model2,460000,2.84366e-60
Model2,480000,2.85545e-60
Model2,500000,2.84361e-60
Model2,520000,2.8408e-60
Model2,540000,2.83706e-60
Model2,560000,2.84067e-60
Model2,580000,2.84232e-60
Model2,600000,2.85426e-60
Model2,620000,2.86035e-60
Model2,640000,2.85943e-60
Model2,660000,2.86445e-60
Model2,680000,2.86776e-60
Model2,700000,2.86795e-60
Model2,720000,2.88148e-60
Model2,740000,2.88187e-60
Model2,760000,2.87032e-60
Model2,780000,2.87198e-60
Model2,800000,2.86774e-60
Model2,820000,2.8777e-60
Model2,840000,2.88029e-60
Model2,860000,2.88252e-60
Model2,880000,2.88153e-60
Model2,900000,2.86951e-60
Model2,920000,2.87963e-60
Model2,940000,2.88214e-60
Model2,960000,2.89583e-60
Model2,980000,2.88106e-60
Model2,1000000,2.87669e-60
Model2,1020000,2.87545e-60
Model2,1040000,2.88002e-60
Model2,1060000,2.87336e-60
Model2,1080000,2.87485e-60
Model2,1100000,2.87646e-60
Model2,1120000,2.87651e-60
Model2,1140000,2.87364e-60
Model2,1160000,2.87593e-60
Model2,1180000,2.87475e-60
Model2,1200000,2.87531e-60
Model2,1220000,2.87301e-60
Model2,1240000,2.87561e-60
Model2,1260000,2.87226e-60
Model2,1280000,2.86889e-60
Model2,1300000,2.87323e-60
Model2,1320000,2.87275e-60
Model2,1340000,2.87789e-60
Model2,1360000,2.87682e-60
Model2,1380000,2.87032e-60
Model2,1400000,2.86591e-60
Model2,1420000,2.86804e-60
Model2,1440000,2.86885e-60
Model2,1460000,2.87601e-60
Model2,1480000,2.87837e-60
Model2,1500000,2.87524e-60
Model2,1520000,2.87252e-60
Model2,1540000,2.87028e-60
Model2,1560000,2.87292e-60
Model2,1580000,2.8715e-60
Model2,1600000,2.86867e-60
Model2,1620000,2.87565e-60
Model2,1640000,2.87328e-60
Model2,1660000,2.87393e-60
Model2,1680000,2.87136e-60
Model2,1700000,2.8714e-60
Model2,1720000,2.87605e-60
Model2,1740000,2.8787e-60
Model2,1760000,2.88073e-60
Model2,1780000,2.88017e-60
Model2,1800000,2.87542e-60
Model2,1820000,2.87869e-60
Model2,1840000,2.87481e-60
Model2,1860000,2.87601e-60
Model2,1880000,2.8761e-60
Model2,1900000,2.87733e-60
Model2,1920000,2.88205e-60
Model2,1940000,2.88173e-60
Model2,1960000,2.87903e-60
Model2,1980000,2.88202e-60
Model2,2000000,2.88509e-60
Model1,20000,9.00185e-45
Model1,40000,8.88184e-45
Model1,60000,9.28907e-45
Model1,80000,9.43303e-45
Model1,100000,9.67211e-45
Model1,120000,9.59747e-45
Model1,140000,9.63377e-45
Model1,160000,9.62177e-45
Model1,180000,9.72262e-45
Model1,200000,9.67097e-45
Model1,220000,9.71808e-45
Model1,240000,9.62203e-45
Model1,260000,9.57944e-45
Model1,280000,9.53102e-45
Model1,300000,9.55808e-45
Model1,320000,9.55065e-45
Model1,340000,9.57528e-45
Model1,360000,9.48424e-45
Model1,380000,9.46981e-45
Model1,400000,9.52416e-45
Model1,420000,9.51053e-45
Model1,440000,9.49728e-45
Model1,460000,9.4911e-45
Model1,480000,9.4658e-45
Model1,500000,9.45017e-45
Model1,520000,9.45659e-45
Model1,540000,9.45186e-45
Model1,560000,9.43324e-45
Model1,580000,9.41554e-45
Model1,600000,9.40643e-45
Model1,620000,9.40847e-45
Model1,640000,9.46011e-45
Model1,660000,9.45465e-45
Model1,680000,9.47564e-45
Model1,700000,9.46315e-45
Model1,720000,9.4459e-45
Model1,740000,9.47145e-45
Model1,760000,9.46504e-45
Model1,780000,9.47584e-45
Model1,800000,9.44302e-45
Model1,820000,9.47734e-45
Model1,840000,9.48075e-45
Model1,860000,9.4974e-45
Model1,880000,9.53365e-45
Model1,900000,9.51698e-45
Model1,920000,9.51319e-45
Model1,940000,9.52288e-45
Model1,960000,9.50179e-45
Model1,980000,9.49172e-45
Model1,1000000,9.49456e-45
Model1,1020000,9.48119e-45
Model1,1040000,9.47142e-45
Model1,1060000,9.46487e-45
Model1,1080000,9.45613e-45
Model1,1100000,9.44759e-45
Model1,1120000,9.44424e-45
Model1,1140000,9.44595e-45
Model1,1160000,9.43882e-45
Model1,1180000,9.45099e-45
Model1,1200000,9.45498e-45
Model1,1220000,9.45757e-45
Model1,1240000,9.46834e-45
Model1,1260000,9.4743e-45
Model1,1280000,9.47713e-45
Model1,1300000,9.47406e-45
Model1,1320000,9.47247e-45
Model1,1340000,9.47831e-45
Model1,1360000,9.47643e-45
Model1,1380000,9.47893e-45
Model1,1400000,9.47709e-45
Model1,1420000,9.478e-45
Model1,1440000,9.47286e-45
Model1,1460000,9.48466e-45
Model1,1480000,9.48013e-45
Model1,1500000,9.48024e-45
Model1,1520000,9.4786e-45
Model1,1540000,9.48231e-45
Model1,1560000,9.47211e-45
Model1,1580000,9.47633e-45
Model1,1600000,9.47464e-45
Model1,1620000,9.46722e-45
Model1,1640000,9.48124e-45
Model1,1660000,9.48716e-45
Model1,1680000,9.50363e-45
Model1,1700000,9.50817e-45
Model1,1720000,9.50373e-45
Model1,1740000,9.51529e-45
Model1,1760000,9.51597e-45
Model1,1780000,9.51622e-45
Model1,1800000,9.50835e-45
Model1,1820000,9.5041e-45
Model1,1840000,9.49564e-45
Model1,1860000,9.48898e-45
Model1,1880000,9.49956e-45
Model1,1900000,9.49921e-45
Model1,1920000,9.50109e-45
Model1,1940000,9.50597e-45
Model1,1960000,9.50786e-45
Model1,1980000,9.51465e-45
Model1,2000000,9.51757e-45
Model2,20000,3.55614e-45
Model2,40000,3.83022e-45
Model2,60000,3.97525e-45
Model2,80000,3.93755e-45
Model2,100000,3.86793e-45
Model2,120000,3.93956e-45
Model2,140000,3.9146e-45
Model2,160000,3.93295e-45
Model2,180000,3.9488e-45
Model2,200000,3.97578e-45
Model2,220000,3.95977e-45
Model2,240000,3.9531e-45
Model2,260000,3.9111e-45
Model2,280000,3.92007e-45
Model2,300000,3.88914e-45
Model2,320000,3.91934e-45
Model2,340000,3.91333e-45
Model2,360000,3.92122e-45
Model2,380000,3.91844e-45
Model2,400000,3.93889e-45
Model2,420000,3.95638e-45
Model2,440000,3.94098e-45
Model2,460000,3.9573e-45
Model2,480000,3.97141e-45
Model2,500000,4.00089e-45
Model2,520000,4.01379e-45
Model2,540000,4.02376e-45
Model2,560000,4.07419e-45
Model2,580000,4.09618e-45
Model2,600000,4.10567e-45
Model2,620000,4.09044e-45
Model2,640000,4.08749e-45
Model2,660000,4.07865e-45
Model2,680000,4.08328e-45
Model2,700000,4.08874e-45
Model2,720000,4.07525e-45
Model2,740000,4.09538e-45
Model2,760000,4.08953e-45
Model2,780000,4.07776e-45
Model2,800000,4.08628e-45
Model2,820000,4.0803e-45
Model2,840000,4.07795e-45
Model2,860000,4.08079e-45
Model2,880000,4.05571e-45
Model2,900000,4.05708e-45
Model2,920000,4.05262e-45
Model2,940000,4.06811e-45
Model2,960000,4.08167e-45
Model2,980000,4.09206e-45
Model2,1000000,4.09435e-45
Model2,1020000,4.08955e-45
Model2,1040000,4.08337e-45
Model2,1060000,4.08874e-45
Model2,1080000,4.08525e-45
Model2,1100000,4.09431e-45
Model2,1120000,4.10417e-45
Model2,1140000,4.11068e-45
Model2,1160000,4.11075e-45
Model2,1180000,4.12124e-45
Model2,1200000,4.12442e-45
Model2,1220000,4.1327e-45
Model2,1240000,4.12885e-45
Model2,1260000,4.12699e-45
Model2,1280000,4.12341e-45
Model2,1300000,4.11986e-45
Model2,1320000,4.11545e-45
Model2,1340000,4.11441e-45
Model2,1360000,4.11687e-45
Model2,1380000,4.12747e-45
Model2,1400000,4.12424e-45
Model2,1420000,4.11937e-45
Model2,1440000,4.12219e-45
Model2,1460000,4.11313e-45
Model2,1480000,4.10755e-45
Model2,1500000,4.10105e-45
Model2,1520000,4.10597e-45
Model2,1540000,4.09432e-45
Model2,1560000,4.10145e-45
Model2,1580000,4.11364e-45
Model2,1600000,4.11953e-45
Model2,1620000,4.12234e-45
Model2,1640000,4.1228e-45
Model2,1660000,4.12251e-45
Model2,1680000,4.11533e-45
Model2,1700000,4.1255e-45
Model2,1720000,4.11854e-45
Model2,1740000,4.12351e-45
Model2,1760000,4.1237e-45
Model2,1780000,4.12986e-45
Model2,1800000,4.1239e-45
Model2,1820000,4.12372e-45
Model2,1840000,4.1237e-45
Model2,1860000,4.11954e-45
Model2,1880000,4.11995e-45
Model2,1900000,4.12172e-45
Model2,1920000,4.11245e-45
Model2,1940000,4.11059e-45
Model2,1960000,4.10849e-45
Model2,1980000,4.10447e-45
Model2,2000000,4.10548e-45
Model1,20000,3.60789e-10
Model1,40000,4.34884e-10
Model1,60000,3.24482e-10
Model1,80000,2.48363e-10
Model1,100000,2.08063e-10
Model1,120000,1.96233e-10
Model1,140000,1.86712e-10
Model1,160000,1.84887e-10
Model1,180000,1.90408e-10
Model1,200000,2.37709e-10
Model1,220000,2.30122e-10
Model1,240000,2.23038e-10
Model1,260000,2.41565e-10
Model1,280000,2.57976e-10
Model1,300000,2.78856e-10
Model1,320000,3.46705e-10
Model1,340000,3.57727e-10
Model1,360000,3.88514e-10
Model1,380000,3.75683e-10
Model1,400000,3.79175e-10
Model1,420000,3.66338e-10
Model1,440000,3.73828e-10
Model1,460000,3.98733e-10
Model1,480000,3.94475e-10
Model1,500000,3.81977e-10
Model1,520000,3.69935e-10
Model1,540000,3.80872e-10
Model1,560000,3.73985e-10
Model1,580000,3.73253e-10
Model1,600000,3.70341e-10
Model1,620000,3.80104e-10
Model1,640000,3.69703e-10
Model1,660000,3.64319e-10
Model1,680000,3.58719e-10
Model1,700000,3.5207e-10
Model1,720000,3.66414e-10
Model1,740000,3.76191e-10
Model1,760000,3.70611e-10
Model1,780000,3.65553e-10
Model1,800000,3.62528e-10
Model1,820000,3.56672e-10
Model1,840000,3.53351e-10
Model1,860000,3.5214e-10
Model1,880000,3.58712e-10
Model1,900000,3.53923e-10
Model1,920000,3.61348e-10
Model1,940000,3.57411e-10
Model1,960000,3.71342e-10
Model1,980000,3.71716e-10
Model1,1000000,3.80124e-10
Model1,1020000,3.81726e-10
Model1,1040000,3.779e-10
Model1,1060000,3.78773e-10
Model1,1080000,3.81054e-10
Model1,1100000,3.80251e-10
Model1,1120000,3.81478e-10
Model1,1140000,3.85874e-10
Model1,1160000,3.89146e-10
Model1,1180000,3.94869e-10
Model1,1200000,3.90136e-10
Model1,1220000,3.89721e-10
Model1,1240000,3.89342e-10
Model1,1260000,3.8675e-10
Model1,1280000,3.82603e-10
Model1,1300000,3.7896e-10
Model1,1320000,3.74149e-10
Model1,1340000,3.70219e-10
Model1,1360000,3.66315e-10
Model1,1380000,3.66019e-10
Model1,1400000,3.68739e-10
Model1,1420000,3.65846e-10
Model1,1440000,3.68037e-10
Model1,1460000,3.66083e-10
Model1,1480000,3.66594e-10
Model1,1500000,3.65015e-10
Model1,1520000,3.61561e-10
Model1,1540000,3.58041e-10
Model1,1560000,3.59638e-10
Model1,1580000,3.61983e-10
Model1,1600000,3.5859e-10
Model1,1620000,3.62383e-10
Model1,1640000,3.5808e-10
Model1,1660000,3.56139e-10
Model1,1680000,3.57454e-10
Model1,1700000,3.56099e-10
Model1,1720000,3.54241e-10
Model1,1740000,3.58098e-10
Model1,1760000,3.55784e-10
Model1,1780000,3.5615e-10
Model1,1800000,3.53322e-10
Model1,1820000,3.51868e-10
Model1,1840000,3.52281e-10
Model1,1860000,3.51335e-10
Model1,1880000,3.49982e-10
Model1,1900000,3.52113e-10
Model1,1920000,3.52218e-10
Model1,1940000,3.50427e-10
Model1,1960000,3.52056e-10
Model1,1980000,3.51892e-10
Model1,2000000,3.54634e-10
Model2,20000,2.12583e-12
Model2,40000,8.63122e-12
Model2,60000,6.01668e-12
Model2,80000,1.29914e-11
Model2,100000,1.04068e-11
Model2,120000,9.38719e-12
Model2,140000,1.58943e-11
Model2,160000,1.40578e-11
Model2,180000,1.95824e-11
Model2,200000,1.78161e-11
Model2,220000,1.97415e-11
Model2,240000,1.82804e-11
Model2,260000,1.72312e-11
Model2,280000,2.3195e-11
Model2,300000,2.26023e-11
Model2,320000,2.16765e-11
Model2,340000,2.23117e-11
Model2,360000,2.62458e-11
Model2,380000,2.5039e-11
Model2,400000,2.73113e-11
Model2,420000,2.63965e-11
Model2,440000,2.52232e-11
Model2,460000,2.44511e-11
Model2,480000,2.61319e-11
Model2,500000,2.52399e-11
Model2,520000,2.60132e-11
Model2,540000,2.54527e-11
Model2,560000,2.47773e-11
Model2,580000,2.40254e-11
Model2,600000,2.32568e-11
Model2,620000,2.27353e-11
Model2,640000,2.2204e-11
Model2,660000,2.16325e-11
Model2,680000,2.11017e-11
Model2,700000,2.4123e-11
Model2,720000,2.37477e-11
Model2,740000,2.401e-11
Model2,760000,2.34404e-11
Model2,780000,2.28656e-11
Model2,800000,2.26228e-11
Model2,820000,2.21245e-11
Model2,840000,2.18744e-11
Model2,860000,2.1861e-11
Model2,880000,2.15951e-11
Model2,900000,2.11297e-11
Model2,920000,2.15589e-11
Model2,940000,2.14045e-11
Model2,960000,2.0962e-11
Model2,980000,2.06388e-11
Model2,1000000,2.04294e-11
Model2,1020000,2.04255e-11
Model2,1040000,2.03079e-11
Model2,1060000,1.99534e-11
Model2,1080000,1.96709e-11
Model2,1100000,1.99324e-11
Model2,1120000,1.97612e-11
Model2,1140000,2.10228e-11
Model2,1160000,2.15354e-11
Model2,1180000,2.23431e-11
Model2,1200000,2.20544e-11
Model2,1220000,2.17332e-11
Model2,1240000,2.16419e-11
Model2,1260000,2.16145e-11
Model2,1280000,2.12885e-11
Model2,1300000,2.09919e-11
Model2,1320000,2.07422e-11
Model2,1340000,2.05955e-11
Model2,1360000,2.03052e-11
Model2,1380000,2.00226e-11
Model2,1400000,1.98658e-11
Model2,1420000,2.17896e-11
Model2,1440000,2.18136e-11
Model2,1460000,2.1635e-11
Model2,1480000,2.13521e-11
Model2,1500000,2.13377e-11
Model2,1520000,2.11958e-11
Model2,1540000,2.11742e-11
Model2,1560000,2.26327e-11
Model2,1580000,2.23532e-11
Model2,1600000,2.31106e-11
Model2,1620000,2.2907e-11
Model2,1640000,2.2672e-11
Model2,1660000,2.24008e-11
Model2,1680000,2.21564e-11
Model2,1700000,2.19756e-11
Model2,1720000,2.20761e-11
Model2,1740000,2.19595e-11
Model2,1760000,2.17786e-11
Model2,1780000,2.22347e-11
Model2,1800000,2.21978e-11
Model2,1820000,2.20619e-11
Model2,1840000,2.18246e-11
Model2,1860000,2.16249e-11
Model2,1880000,2.23499e-11
Model2,1900000,2.21725e-11
Model2,1920000,2.19518e-11
Model2,1940000,2.53257e-11
Model2,1960000,2.50828e-11
Model2,1980000,2.68123e-11
Model2,2000000,2.74263e-11
Model1,20000,4.48074e-40
Model1,40000,4.41481e-40
Model1,60000,4.51827e-40
Model1,80000,4.69784e-40
Model1,100000,4.72847e-40
Model1,120000,4.65105e-40
Model1,140000,4.67483e-40
Model1,160000,4.76501e-40
Model1,180000,4.74802e-40
Model1,200000,4.72989e-40
Model1,220000,4.70421e-40
Model1,240000,4.71184e-40
Model1,260000,4.70092e-40
Model1,280000,4.70284e-40
Model1,300000,4.66508e-40
Model1,320000,4.67988e-40
Model1,340000,4.68724e-40
Model1,360000,4.72571e-40
Model1,380000,4.73361e-40
Model1,400000,4.7462e-40
Model1,420000,4.76683e-40
Model1,440000,4.77124e-40
Model1,460000,4.75024e-40
Model1,480000,4.74804e-40
Model1,500000,4.7698e-40
Model1,520000,4.7602e-40
Model1,540000,4.76314e-40
Model1,560000,4.75999e-40
Model1,580000,4.7592e-40
Model1,600000,4.75241e-40
Model1,620000,4.74199e-40
Model1,640000,4.73373e-40
Model1,660000,4.74003e-40
Model1,680000,4.73517e-40
Model1,700000,4.7355e-40
Model1,720000,4.7463e-40
Model1,740000,4.75169e-40
Model1,760000,4.7486e-40
Model1,780000,4.74719e-40
Model1,800000,4.73558e-40
Model1,820000,4.75498e-40
Model1,840000,4.74607e-40
Model1,860000,4.77005e-40
Model1,880000,4.78157e-40
Model1,900000,4.79323e-40
Model1,920000,4.79635e-40
Model1,940000,4.80831e-40
Model1,960000,4.79584e-40
Model1,980000,4.78505e-40
Model1,1000000,4.78336e-40
Model1,1020000,4.78767e-40
Model1,1040000,4.78178e-40
Model1,1060000,4.77907e-40
Model1,1080000,4.77571e-40
Model1,1100000,4.78194e-40
Model1,1120000,4.77626e-40
Model1,1140000,4.77194e-40
Model1,1160000,4.78627e-40
Model1,1180000,4.78838e-40
Model1,1200000,4.78274e-40
Model1,1220000,4.78808e-40
Model1,1240000,4.78886e-40
Model1,1260000,4.78197e-40
Model1,1280000,4.77956e-40
Model1,1300000,4.76985e-40
Model1,1320000,4.78098e-40
Model1,1340000,4.78081e-40
Model1,1360000,4.78084e-40
Model1,1380000,4.77741e-40
Model1,1400000,4.77821e-40
Model1,1420000,4.77834e-40
Model1,1440000,4.77706e-40
Model1,1460000,4.78474e-40
Model1,1480000,4.78795e-40
Model1,1500000,4.78755e-40
Model1,1520000,4.78707e-40
Model1,1540000,4.78582e-40
Model1,1560000,4.7832e-40
Model1,1580000,4.78221e-40
Model1,1600000,4.78291e-40
Model1,1620000,4.78671e-40
Model1,1640000,4.78158e-40
Model1,1660000,4.77806e-40
Model1,1680000,4.77661e-40
Model1,1700000,4.77454e-40
Model1,1720000,4.76829e-40
Model1,1740000,4.76557e-40
Model1,1760000,4.76463e-40
Model1,1780000,4.76283e-40
Model1,1800000,4.76185e-40
Model1,1820000,4.76097e-40
Model1,1840000,4.76815e-40
Model1,1860000,4.76758e-40
Model1,1880000,4.76773e-40
Model1,1900000,4.76827e-40
Model1,1920000,4.76654e-40
Model1,1940000,4.76804e-40
Model1,1960000,4.76319e-40
Model1,1980000,4.76724e-40
Model1,2000000,4.76521e-40
Model2,20000,2.10208e-40
Model2,40000,1.76801e-40
Model2,60000,1.77997e-40
Model2,80000,1.73245e-40
Model2,100000,1.74821e-40
Model2,120000,1.71811e-40
Model2,140000,1.74421e-40
Model2,160000,1.7448e-40
Model2,180000,1.77209e-40
Model2,200000,1.75891e-40
Model2,220000,1.74611e-40
Model2,240000,1.74291e-40
Model2,260000,1.75107e-40
Model2,280000,1.7376e-40
Model2,300000,1.73939e-40
Model2,320000,1.74807e-40
Model2,340000,1.73588e-40
Model2,360000,1.73514e-40
Model2,380000,1.74365e-40
Model2,400000,1.74201e-40
Model2,420000,1.73153e-40
Model2,440000,1.73297e-40
Model2,460000,1.73736e-40
Model2,480000,1.73468e-40
Model2,500000,1.75384e-40
Model2,520000,1.75223e-40
Model2,540000,1.74544e-40
Model2,560000,1.73952e-40
Model2,580000,1.7354e-40
Model2,600000,1.73134e-40
Model2,620000,1.72698e-40
Model2,640000,1.7269e-40
Model2,660000,1.73211e-40
Model2,680000,1.7355e-40
Model2,700000,1.73856e-40
Model2,720000,1.73063e-40
Model2,740000,1.72817e-40
Model2,760000,1.72988e-40
Model2,780000,1.72435e-40
Model2,800000,1.73745e-40
Model2,820000,1.73952e-40
Model2,840000,1.74209e-40
Model2,860000,1.74864e-40
Model2,880000,1.73789e-40
Model2,900000,1.73993e-40
Model2,920000,1.75068e-40
Model2,940000,1.74737e-40
Model2,960000,1.74828e-40
Model2,980000,1.74573e-40
Model2,1000000,1.74253e-40
Model2,1020000,1.74489e-40
Model2,1040000,1.74465e-40
Model2,1060000,1.73762e-40
Model2,1080000,1.7376e-40
Model2,1100000,1.73527e-40
Model2,1120000,1.74046e-40
Model2,1140000,1.74157e-40
Model2,1160000,1.73978e-40
Model2,1180000,1.74047e-40
Model2,1200000,1.73833e-40
Model2,1220000,1.74754e-40
Model2,1240000,1.74495e-40
Model2,1260000,1.74816e-40
Model2,1280000,1.74782e-40
Model2,1300000,1.74558e-40
Model2,1320000,1.74345e-40
Model2,1340000,1.74829e-40
Model2,1360000,1.75125e-40
Model2,1380000,1.75246e-40
Model2,1400000,1.74467e-40
Model2,1420000,1.74693e-40
Model2,1440000,1.75476e-40
Model2,1460000,1.75076e-40
Model2,1480000,1.74628e-40
Model2,1500000,1.74206e-40
Model2,1520000,1.74078e-40
Model2,1540000,1.73687e-40
Model2,1560000,1.73187e-40
Model2,1580000,1.73348e-40
Model2,1600000,1.73169e-40
Model2,1620000,1.73148e-40
Model2,1640000,1.72979e-40
Model2,1660000,1.72965e-40
Model2,1680000,1.73065e-40
Model2,1700000,1.73029e-40
Model2,1720000,1.72702e-40
Model2,1740000,1.72985e-40
Model2,1760000,1.73034e-40
Model2,1780000,1.72915e-40
Model2,1800000,1.73233e-40
Model2,1820000,1.73056e-40
Model2,1840000,1.72749e-40
Model2,1860000,1.72943e-40
Model2,1880000,1.72917e-40
Model2,1900000,1.72938e-40
Model2,1920000,1.72665e-40
Model2,1940000,1.72672e-40
Model2,1960000,1.72651e-40
Model2,1980000,1.72291e-40
Model2,2000000,1.722e-40
Model1,20000,4.31684e-60
Model1,40000,4.2889e-60
Model1,60000,4.35286e-60
Model1,80000,4.48803e-60
Model1,100000,4.51476e-60
Model1,120000,4.52593e-60
Model1,140000,4.5642e-60
Model1,160000,4.50065e-60
Model1,180000,4.53958e-60
Model1,200000,4.53306e-60
Model1,220000,4.52479e-60
Model1,240000,4.52795e-60
Model1,260000,4.52838e-60
Model1,280000,4.53511e-60
Model1,300000,4.55827e-60
Model1,320000,4.54427e-60
Model1,340000,4.55671e-60
Model1,360000,4.55172e-60
Model1,380000,4.53001e-60
Model1,400000,4.53503e-60
Model1,420000,4.53439e-60
Model1,440000,4.53377e-60
Model1,460000,4.51592e-60
Model1,480000,4.54148e-60
Model1,500000,4.55635e-60
Model1,520000,4.5409e-60
Model1,540000,4.53831e-60
Model1,560000,4.52439e-60
Model1,580000,4.5313e-60
Model1,600000,4.53322e-60
Model1,620000,4.51394e-60
Model1,640000,4.50877e-60
Model1,660000,4.51271e-60
Model1,680000,4.4977e-60
Model1,700000,4.50294e-60
Model1,720000,4.50522e-60
Model1,740000,4.49186e-60
Model1,760000,4.49935e-60
Model1,780000,4.49205e-60
Model1,800000,4.49401e-60
Model1,820000,4.49258e-60
Model1,840000,4.49228e-60
Model1,860000,4.48375e-60
Model1,880000,4.48393e-60
Model1,900000,4.4805e-60
Model1,920000,4.47644e-60
Model1,940000,4.47933e-60
Model1,960000,4.48364e-60
Model1,980000,4.48627e-60
Model1,1000000,4.48603e-60
Model1,1020000,4.48648e-60
Model1,1040000,4.47634e-60
Model1,1060000,4.48519e-60
Model1,1080000,4.49374e-60
Model1,1100000,4.49627e-60
Model1,1120000,4.50165e-60
Model1,1140000,4.50586e-60
Model1,1160000,4.5071e-60
Model1,1180000,4.5067e-60
Model1,1200000,4.5055e-60
Model1,1220000,4.50459e-60
Model1,1240000,4.50413e-60
Model1,1260000,4.50052e-60
Model1,1280000,4.49967e-60
Model1,1300000,4.49853e-60
Model1,1320000,4.49528e-60
Model1,1340000,4.48537e-60
Model1,1360000,4.48634e-60
Model1,1380000,4.49435e-60
Model1,1400000,4.49957e-60
Model1,1420000,4.49504e-60
Model1,1440000,4.49996e-60
Model1,1460000,4.50721e-60
Model1,1480000,4.51215e-60
Model1,1500000,4.51394e-60
Model1,1520000,4.51048e-60
Model1,1540000,4.5115e-60
Model1,1560000,4.51436e-60
Model1,1580000,4.51064e-60
Model1,1600000,4.51112e-60
Model1,1620000,4.51023e-60
Model1,1640000,4.5099e-60
Model1,1660000,4.50525e-60
Model1,1680000,4.49873e-60
Model1,1700000,4.49705e-60
Model1,1720000,4.49346e-60
Model1,1740000,4.4936e-60
Model1,1760000,4.49439e-60
Model1,1780000,4.49931e-60
Model1,1800000,4.50113e-60
Model1,1820000,4.50778e-60
Model1,1840000,4.50404e-60
Model1,1860000,4.49748e-60
Model1,1880000,4.49864e-60
Model1,1900000,4.50229e-60
Model1,1920000,4.51185e-60
Model1,1940000,4.50838e-60
Model1,1960000,4.50418e-60
Model1,1980000,4.50867e-60
Model1,2000000,4.50909e-60
Model2,20000,3.10843e-60
Model2,40000,3.09474e-60
Model2,60000,3.21242e-60
Model2,80000,3.20327e-60
Model2,100000,3.13809e-60
Model2,120000,3.19345e-60
Model2,140000,3.22247e-60
Model2,160000,3.21365e-60
Model2,180000,3.22453e-60
Model2,200000,3.22404e-60
Model2,220000,3.26789e-60
Model2,240000,3.26129e-60
Model2,260000,3.25699e-60
Model2,280000,3.26576e-60
Model2,300000,3.31283e-60
Model2,320000,3.30239e-60
Model2,340000,3.30406e-60
Model2,360000,3.30153e-60
Model2,380000,3.28737e-60
Model2,400000,3.26234e-60
Model2,420000,3.25379e-60
Model2,440000,3.25703e-60
Model2,460000,3.27038e-60
Model2,480000,3.2698e-60
Model2,500000,3.26849e-60
Model2,520000,3.25694e-60
Model2,540000,3.25505e-60
Model2,560000,3.26939e-60
Model2,580000,3.27739e-60
Model2,600000,3.27017e-60
Model2,620000,3.28147e-60
Model2,640000,3.28476e-60
Model2,660000,3.28691e-60
Model2,680000,3.27229e-60
Model2,700000,3.28503e-60
Model2,720000,3.26571e-60
Model2,740000,3.25909e-60
Model2,760000,3.26331e-60
Model2,780000,3.26137e-60
Model2,800000,3.26271e-60
Model2,820000,3.26503e-60
Model2,840000,3.25375e-60
Model2,860000,3.26184e-60
Model2,880000,3.24741e-60
Model2,900000,3.24924e-60
Model2,920000,3.23992e-60
Model2,940000,3.24659e-60
Model2,960000,3.24614e-60
Model2,980000,3.24849e-60
Model2,1000000,3.24467e-60
Model2,1020000,3.23892e-60
Model2,1040000,3.23488e-60
Model2,1060000,3.23758e-60
Model2,1080000,3.24568e-60
Model2,1100000,3.25057e-60
Model2,1120000,3.24994e-60
Model2,1140000,3.25124e-60
Model2,1160000,3.25807e-60
Model2,1180000,3.26089e-60
Model2,1200000,3.2585e-60
Model2,1220000,3.25992e-60
Model2,1240000,3.27953e-60
Model2,1260000,3.27541e-60
Model2,1280000,3.2769e-60
Model2,1300000,3.28109e-60
Model2,1320000,3.27971e-60
Model2,1340000,3.27887e-60
Model2,1360000,3.27421e-60
Model2,1380000,3.26869e-60
Model2,1400000,3.26332e-60
Model2,1420000,3.2663e-60
Model2,1440000,3.26664e-60
Model2,1460000,3.26493e-60
Model2,1480000,3.2685e-60
Model2,1500000,3.26725e-60
Model2,1520000,3.26722e-60
Model2,1540000,3.26835e-60
Model2,1560000,3.26528e-60
Model2,1580000,3.26223e-60
Model2,1600000,3.26433e-60
Model2,1620000,3.26123e-60
Model2,1640000,3.26846e-60
Model2,1660000,3.26226e-60
Model2,1680000,3.26211e-60
Model2,1700000,3.2606e-60
Model2,1720000,3.26592e-60
Model2,1740000,3.25819e-60
Model2,1760000,3.25495e-60
Model2,1780000,3.25108e-60
Model2,1800000,3.24872e-60
Model2,1820000,3.24978e-60
Model2,1840000,3.25032e-60
Model2,1860000,3.25062e-60
Model2,1880000,3.24959e-60
Model2,1900000,3.25256e-60
Model2,1920000,3.26141e-60
Model2,1940000,3.25721e-60
Model2,1960000,3.25435e-60
Model2,1980000,3.25273e-60
Model2,2000000,3.25323e-60
Model1,20000,2.71272e-62
Model1,40000,2.72264e-62
Model1,60000,2.68341e-62
Model1,80000,2.78701e-62
Model1,100000,2.92188e-62
Model1,120000,2.78904e-62
Model1,140000,2.89486e-62
Model1,160000,2.96912e-62
Model1,180000,2.95773e-62
Model1,200000,2.99671e-62
Model1,220000,2.98031e-62
Model1,240000,2.98658e-62
Model1,260000,2.99236e-62
Model1,280000,2.97117e-62
Model1,300000,2.98878e-62
Model1,320000,3.01035e-62
Model1,340000,3.013e-62
Model1,360000,2.98376e-62
Model1,380000,2.99709e-62
Model1,400000,2.98083e-62
Model1,420000,3.01424e-62
Model1,440000,2.98937e-62
Model1,460000,2.9987e-62
Model1,480000,2.99943e-62
Model1,500000,3.01732e-62
Model1,520000,3.01258e-62
Model1,540000,3.02309e-62
Model1,560000,3.01519e-62
Model1,580000,3.01346e-62
Model1,600000,3.02716e-62
Model1,620000,3.02713e-62
Model1,640000,3.03946e-62
Model1,660000,3.04992e-62
Model1,680000,3.05256e-62
Model1,700000,3.05283e-62
Model1,720000,3.05026e-62
Model1,740000,3.04292e-62
Model1,760000,3.04232e-62
Model1,780000,3.04278e-62
Model1,800000,3.0454e-62
Model1,820000,3.03579e-62
Model1,840000,3.04251e-62
Model1,860000,3.04359e-62
Model1,880000,3.04157e-62
Model1,900000,3.04297e-62
Model1,920000,3.04562e-62
Model1,940000,3.04555e-62
Model1,960000,3.04921e-62
Model1,980000,3.05139e-62
Model1,1000000,3.04996e-62
Model1,1020000,3.0504e-62
Model1,1040000,3.05432e-62
Model1,1060000,3.04655e-62
Model1,1080000,3.04811e-62
Model1,1100000,3.05495e-62
Model1,1120000,3.05409e-62
Model1,1140000,3.04711e-62
Model1,1160000,3.04542e-62
Model1,1180000,3.04843e-62
Model1,1200000,3.04234e-62
Model1,1220000,3.03906e-62
Model1,1240000,3.04113e-62
Model1,1260000,3.03833e-62
Model1,1280000,3.03838e-62
Model1,1300000,3.03508e-62
Model1,1320000,3.03085e-62
Model1,1340000,3.03214e-62
Model1,1360000,3.03846e-62
Model1,1380000,3.04378e-62
Model1,1400000,3.04202e-62
Model1,1420000,3.03872e-62
Model1,1440000,3.03815e-62
Model1,1460000,3.03631e-62
Model1,1480000,3.03303e-62
Model1,1500000,3.0368e-62
Model1,1520000,3.04095e-62
Model1,1540000,3.04408e-62
Model1,1560000,3.04021e-62
Model1,1580000,3.03798e-62
Model1,1600000,3.03387e-62
Model1,1620000,3.03246e-62
Model1,1640000,3.03461e-62
Model1,1660000,3.03471e-62
Model1,1680000,3.03233e-62
Model1,1700000,3.02667e-62
Model1,1720000,3.01926e-62
Model1,1740000,3.01646e-62
Model1,1760000,3.00887e-62
Model1,1780000,3.01622e-62
Model1,1800000,3.01916e-62
Model1,1820000,3.01774e-62
Model1,1840000,3.01862e-62
Model1,1860000,3.02127e-62
Model1,1880000,3.02185e-62
Model1,1900000,3.02428e-62
Model1,1920000,3.02472e-62
Model1,1940000,3.02621e-62
Model1,1960000,3.02613e-62
Model1,1980000,3.02395e-62
Model1,2000000,3.02231e-62
Model2,20000,1.39538e-62
Model2,40000,1.30162e-62
Model2,60000,1.48405e-62
Model2,80000,1.45835e-62
Model2,100000,1.43948e-62
Model2,120000,1.41992e-62
Model2,140000,1.51258e-62
Model2,160000,1.46691e-62
Model2,180000,1.44381e-62
Model2,200000,1.48224e-62
Model2,220000,1.45901e-62
Model2,240000,1.4292e-62
Model2,260000,1.39135e-62
Model2,280000,1.39584e-62
Model2,300000,1.42831e-62
Model2,320000,1.43886e-62
Model2,340000,1.42796e-62
Model2,360000,1.42218e-62
Model2,380000,1.41232e-62
Model2,400000,1.42002e-62
Model2,420000,1.41025e-62
Model2,440000,1.41302e-62
Model2,460000,1.397e-62
Model2,480000,1.39922e-62
Model2,500000,1.40617e-62
Model2,520000,1.40369e-62
Model2,540000,1.40981e-62
Model2,560000,1.40354e-62
Model2,580000,1.39231e-62
Model2,600000,1.40865e-62
Model2,620000,1.41221e-62
Model2,640000,1.41369e-62
Model2,660000,1.40432e-62
Model2,680000,1.40229e-62
Model2,700000,1.40784e-62
Model2,720000,1.39857e-62
Model2,740000,1.39299e-62
Model2,760000,1.40471e-62
Model2,780000,1.41027e-62
Model2,800000,1.41225e-62
Model2,820000,1.40282e-62
Model2,840000,1.40145e-62
Model2,860000,1.40996e-62
Model2,880000,1.40747e-62
Model2,900000,1.40229e-62
Model2,920000,1.39983e-62
Model2,940000,1.39945e-62
Model2,960000,1.40362e-62
Model2,980000,1.40777e-62
Model2,1000000,1.40381e-62
Model2,1020000,1.39968e-62
Model2,1040000,1.39842e-62
Model2,1060000,1.39558e-62
Model2,1080000,1.40249e-62
Model2,1100000,1.39142e-62
Model2,1120000,1.39132e-62
Model2,1140000,1.4006e-62
Model2,1160000,1.40225e-62
Model2,1180000,1.4202e-62
Model2,1200000,1.4422e-62
Model2,1220000,1.43847e-62
Model2,1240000,1.43466e-62
Model2,1260000,1.42813e-62
Model2,1280000,1.43192e-62
Model2,1300000,1.43081e-62
Model2,1320000,1.42312e-62
Model2,1340000,1.42046e-62
Model2,1360000,1.42129e-62
Model2,1380000,1.41713e-62
Model2,1400000,1.41138e-62
Model2,1420000,1.40991e-62
Model2,1440000,1.42406e-62
Model2,1460000,1.42036e-62
Model2,1480000,1.41884e-62
Model2,1500000,1.42231e-62
Model2,1520000,1.41739e-62
Model2,1540000,1.41482e-62
Model2,1560000,1.41347e-62
Model2,1580000,1.41237e-62
Model2,1600000,1.4171e-62
Model2,1620000,1.41501e-62
Model2,1640000,1.41257e-62
Model2,1660000,1.41361e-62
Model2,1680000,1.41063e-62
Model2,1700000,1.40653e-62
Model2,1720000,1.4055e-62
Model2,1740000,1.40352e-62
Model2,1760000,1.41199e-62
Model2,1780000,1.40786e-62
Model2,1800000,1.40538e-62
Model2,1820000,1.40683e-62
Model2,1840000,1.40587e-62
Model2,1860000,1.40679e-62
Model2,1880000,1.40768e-62
Model2,1900000,1.40344e-62
Model2,1920000,1.40631e-62
Model2,1940000,1.40865e-62
Model2,1960000,1.40804e-62
Model2,1980000,1.41056e-62
Model2,2000000,1.40591e-62
Model1,20000,2.61227e-59
Model1,40000,2.6236e-59
Model1,60000,2.58316e-59
Model1,80000,2.65644e-59
Model1,100000,2.69888e-59
Model1,120000,2.72983e-59
Model1,140000,2.69889e-59
Model1,160000,2.66289e-59
Model1,180000,2.65391e-59
Model1,200000,2.68825e-59
Model1,220000,2.69637e-59
Model1,240000,2.6704e-59
Model1,260000,2.66517e-59
Model1,280000,2.65719e-59
Model1,300000,2.66741e-59
Model1,320000,2.66592e-59
Model1,340000,2.67013e-59
Model1,360000,2.67227e-59
Model1,380000,2.68465e-59
Model1,400000,2.68643e-59
Model1,420000,2.71845e-59
Model1,440000,2.73154e-59
Model1,460000,2.75433e-59
Model1,480000,2.78096e-59
Model1,500000,2.7842e-59
Model1,520000,2.80037e-59
Model1,540000,2.80955e-59
Model1,560000,2.81684e-59
Model1,580000,2.81642e-59
Model1,600000,2.8083e-59
Model1,620000,2.81463e-59
Model1,640000,2.8049e-59
Model1,660000,2.78297e-59
Model1,680000,2.7816e-59
Model1,700000,2.78382e-59
Model1,720000,2.79123e-59
Model1,740000,2.78713e-59
Model1,760000,2.78954e-59
Model1,780000,2.7935e-59
Model1,800000,2.78871e-59
Model1,820000,2.79214e-59
Model1,840000,2.7804e-59
Model1,860000,2.78386e-59
Model1,880000,2.78173e-59
Model1,900000,2.77899e-59
Model1,920000,2.77741e-59
Model1,940000,2.77332e-59
Model1,960000,2.78304e-59
Model1,980000,2.77968e-59
Model1,1000000,2.7755e-59
Model1,1020000,2.76495e-59
Model1,1040000,2.76324e-59
Model1,1060000,2.76376e-59
Model1,1080000,2.76031e-59
Model1,1100000,2.75564e-59
Model1,1120000,2.7594e-59
Model1,1140000,2.75707e-59
Model1,1160000,2.75372e-59
Model1,1180000,2.74989e-59
Model1,1200000,2.75378e-59
Model1,1220000,2.74966e-59
Model1,1240000,2.74599e-59
Model1,1260000,2.74503e-59
Model1,1280000,2.74299e-59
Model1,1300000,2.746e-59
Model1,1320000,2.74191e-59
Model1,1340000,2.73499e-59
Model1,1360000,2.7354e-59
Model1,1380000,2.7372e-59
Model1,1400000,2.73568e-59
Model1,1420000,2.73826e-59
Model1,1440000,2.74111e-59
Model1,1460000,2.73898e-59
Model1,1480000,2.73413e-59
Model1,1500000,2.7334e-59
Model1,1520000,2.73875e-59
Model1,1540000,2.73914e-59
Model1,1560000,2.73566e-59
Model1,1580000,2.74141e-59
Model1,1600000,2.74076e-59
Model1,1620000,2.73763e-59
Model1,1640000,2.73924e-59
Model1,1660000,2.73957e-59
Model1,1680000,2.74041e-59
Model1,1700000,2.74403e-59
Model1,1720000,2.74184e-59
Model1,1740000,2.74161e-59
Model1,1760000,2.73816e-59
Model1,1780000,2.7385e-59
Model1,1800000,2.73897e-59
Model1,1820000,2.73648e-59
Model1,1840000,2.73352e-59
Model1,1860000,2.73076e-59
Model1,1880000,2.72612e-59
Model1,1900000,2.728e-59
Model1,1920000,2.72735e-59
Model1,1940000,2.72481e-59
Model1,1960000,2.72484e-59
Model1,1980000,2.72529e-59
Model1,2000000,2.72508e-59
Model2,20000,9.01788e-60
Model2,40000,1.09847e-59
Model2,60000,1.13592e-59
Model2,80000,1.23159e-59
Model2,100000,1.22724e-59
Model2,120000,1.25409e-59
Model2,140000,1.23233e-59
Model2,160000,1.24843e-59
Model2,180000,1.23679e-59
Model2,200000,1.24298e-59
Model2,220000,1.21372e-59
Model2,240000,1.19396e-59
Model2,260000,1.18441e-59
Model2,280000,1.1738e-59
Model2,300000,1.17508e-59
Model2,320000,1.17451e-59
Model2,340000,1.17332e-59
Model2,360000,1.15749e-59
Model2,380000,1.14284e-59
Model2,400000,1.14603e-59
Model2,420000,1.13769e-59
Model2,440000,1.13256e-59
Model2,460000,1.12205e-59
Model2,480000,1.11139e-59
Model2,500000,1.12028e-59
Model2,520000,1.11955e-59
Model2,540000,1.12447e-59
Model2,560000,1.12056e-59
Model2,580000,1.11732e-59
Model2,600000,1.10595e-59
Model2,620000,1.10073e-59
Model2,640000,1.10036e-59
Model2,660000,1.10024e-59
Model2,680000,1.10234e-59
Model2,700000,1.10361e-59
Model2,720000,1.10267e-59
Model2,740000,1.1032e-59
Model2,760000,1.10002e-59
Model2,780000,1.10593e-59
Model2,800000,1.10846e-59
Model2,820000,1.10555e-59
Model2,840000,1.10089e-59
Model2,860000,1.09748e-59
Model2,880000,1.09724e-59
Model2,900000,1.09436e-59
Model2,920000,1.09193e-59
Model2,940000,1.08948e-59
Model2,960000,1.08772e-59
Model2,980000,1.09147e-59
Model2,1000000,1.09431e-59
Model2,1020000,1.09087e-59
Model2,1040000,1.09515e-59
Model2,1060000,1.10141e-59
Model2,1080000,1.10016e-59
Model2,1100000,1.10059e-59
Model2,1120000,1.10153e-59
Model2,1140000,1.10069e-59
Model2,1160000,1.10747e-59
Model2,1180000,1.10335e-59
Model2,1200000,1.10042e-59
Model2,1220000,1.10345e-59
Model2,1240000,1.10292e-59
Model2,1260000,1.10745e-59
Model2,1280000,1.10456e-59
Model2,1300000,1.10612e-59
Model2,1320000,1.10537e-59
Model2,1340000,1.10842e-59
Model2,1360000,1.10749e-59
Model2,1380000,1.10933e-59
Model2,1400000,1.1085e-59
Model2,1420000,1.11405e-59
Model2,1440000,1.10952e-59
Model2,1460000,1.10652e-59
Model2,1480000,1.10923e-59
Model2,1500000,1.11327e-59
Model2,1520000,1.11116e-59
Model2,1540000,1.11186e-59
Model2,1560000,1.11204e-59
Model2,1580000,1.11522e-59
Model2,1600000,1.11507e-59
Model2,1620000,1.11331e-59
Model2,1640000,1.11159e-59
Model2,1660000,1.11044e-59
Model2,1680000,1.1109e-59
Model2,1700000,1.11013e-59
Model2,1720000,1.1095e-59
Model2,1740000,1.11068e-59
Model2,1760000,1.10944e-59
Model2,1780000,1.10856e-59
Model2,1800000,1.10934e-59
Model2,1820000,1.11159e-59
Model2,1840000,1.11037e-59
Model2,1860000,1.1102e-59
Model2,1880000,1.10658e-59
Model2,1900000,1.10709e-59
Model2,1920000,1.10858e-59
Model2,1940000,1.11027e-59
Model2,1960000,1.10985e-59
Model2,1980000,1.11143e-59
Model2,2000000,1.11272e-59
Model1,20000,9.14123e-60
Model1,40000,8.75329e-60
Model1,60000,8.82337e-60
Model1,80000,9.00215e-60
Model1,100000,9.03434e-60
Model1,120000,9.34266e-60
Model1,140000,9.28456e-60
Model1,160000,9.13922e-60
Model1,180000,9.27148e-60
Model1,200000,9.2284e-60
Model1,220000,9.33776e-60
Model1,240000,9.47383e-60
Model1,260000,9.47259e-60
Model1,280000,9.58682e-60
Model1,300000,9.46061e-60
Model1,320000,9.4449e-60
Model1,340000,9.42079e-60
Model1,360000,9.43906e-60
Model1,380000,9.42592e-60
Model1,400000,9.53071e-60
Model1,420000,9.53003e-60
Model1,440000,9.51877e-60
Model1,460000,9.5407e-60
Model1,480000,9.5186e-60
Model1,500000,9.51364e-60
Model1,520000,9.53938e-60
Model1,540000,9.55155e-60
Model1,560000,9.55206e-60
Model1,580000,9.60038e-60
Model1,600000,9.56285e-60
Model1,620000,9.54211e-60
Model1,640000,9.53179e-60
Model1,660000,9.54211e-60
Model1,680000,9.52045e-60
Model1,700000,9.51467e-60
Model1,720000,9.57049e-60
Model1,740000,9.58974e-60
Model1,760000,9.60874e-60
Model1,780000,9.55869e-60
Model1,800000,9.58408e-60
Model1,820000,9.5905e-60
Model1,840000,9.59458e-60
Model1,860000,9.57147e-60
Model1,880000,9.57764e-60
Model1,900000,9.59208e-60
Model1,920000,9.6217e-60
Model1,940000,9.60866e-60
Model1,960000,9.58455e-60
Model1,980000,9.57786e-60
Model1,1000000,9.60534e-60
Model1,1020000,9.59693e-60
Model1,1040000,9.62392e-60
Model1,1060000,9.62364e-60
Model1,1080000,9.59992e-60
Model1,1100000,9.60523e-60
Model1,1120000,9.62439e-60
Model1,1140000,9.62263e-60
Model1,1160000,9.59935e-60
Model1,1180000,9.60838e-60
Model1,1200000,9.60241e-60
Model1,1220000,9.61544e-60
Model1,1240000,9.59897e-60
Model1,1260000,9.59204e-60
Model1,1280000,9.60311e-60
Model1,1300000,9.60096e-60
Model1,1320000,9.60351e-60
Model1,1340000,9.60134e-60
Model1,1360000,9.60221e-60
Model1,1380000,9.62177e-60
Model1,1400000,9.62109e-60
Model1,1420000,9.62148e-60
Model1,1440000,9.63148e-60
Model1,1460000,9.63003e-60
Model1,1480000,9.62483e-60
Model1,1500000,9.62877e-60
Model1,1520000,9.62995e-60
Model1,1540000,9.64691e-60
Model1,1560000,9.66194e-60
Model1,1580000,9.66879e-60
Model1,1600000,9.66621e-60
Model1,1620000,9.67256e-60
Model1,1640000,9.68371e-60
Model1,1660000,9.68935e-60
Model1,1680000,9.68309e-60
Model1,1700000,9.6849e-60
Model1,1720000,9.70963e-60
Model1,1740000,9.71055e-60
Model1,1760000,9.70608e-60
Model1,1780000,9.69886e-60
Model1,1800000,9.69976e-60
Model1,1820000,9.69316e-60
Model1,1840000,9.69351e-60
Model1,1860000,9.70914e-60
Model1,1880000,9.69817e-60
Model1,1900000,9.69458e-60
Model1,1920000,9.71391e-60
Model1,1940000,9.71175e-60
Model1,1960000,9.72012e-60
Model1,1980000,9.71079e-60
Model1,2000000,9.70454e-60
Model2,20000,3.78062e-58
Model2,40000,6.79714e-58
Model2,60000,8.30328e-58
Model2,80000,9.3903e-58
Model2,100000,9.0012e-58
Model2,120000,9.12522e-58
Model2,140000,8.93871e-58
Model2,160000,8.09996e-58
Model2,180000,7.83462e-58
Model2,200000,7.57733e-58
Model2,220000,8.13892e-58
Model2,240000,8.10435e-58
Model2,260000,8.32344e-58
Model2,280000,7.93326e-58
Model2,300000,7.85818e-58
Model2,320000,7.55981e-58
Model2,340000,7.26167e-58
Model2,360000,7.36522e-58
Model2,380000,7.53414e-58
Model2,400000,7.49733e-58
Model2,420000,7.4149e-58
Model2,440000,8.01163e-58
Model2,460000,8.36261e-58
Model2,480000,8.3933e-58
Model2,500000,8.28286e-58
Model2,520000,8.91199e-58
Model2,540000,8.96223e-58
Model2,560000,8.97409e-58
Model2,580000,9.3155e-58
Model2,600000,9.47963e-58
Model2,620000,9.32753e-58
Model2,640000,9.31438e-58
Model2,660000,9.20074e-58
Model2,680000,9.27562e-58
Model2,700000,9.34845e-58
Model2,720000,9.42127e-58
Model2,740000,9.63438e-58
Model2,760000,9.51525e-58
Model2,780000,9.43727e-58
Model2,800000,9.41421e-58
Model2,820000,9.24657e-58
Model2,840000,9.35101e-58
Model2,860000,9.23652e-58
Model2,880000,9.48349e-58
Model2,900000,9.40349e-58
Model2,920000,9.47388e-58
Model2,940000,9.43472e-58
Model2,960000,9.34692e-58
Model2,980000,9.27831e-58
Model2,1000000,9.41423e-58
Model2,1020000,9.35299e-58
Model2,1040000,9.56377e-58
Model2,1060000,9.49807e-58
Model2,1080000,9.42768e-58
Model2,1100000,9.42405e-58
Model2,1120000,9.43695e-58
Model2,1140000,9.35306e-58
Model2,1160000,9.54972e-58
Model2,1180000,9.51496e-58
Model2,1200000,9.46488e-58
Model2,1220000,9.47343e-58
Model2,1240000,9.39001e-58
Model2,1260000,9.35267e-58
Model2,1280000,9.36549e-58
Model2,1300000,9.64929e-58
Model2,1320000,9.78227e-58
Model2,1340000,9.82156e-58
Model2,1360000,9.76634e-58
Model2,1380000,9.70229e-58
Model2,1400000,9.60136e-58
Model2,1420000,9.52815e-58
Model2,1440000,9.47236e-58
Model2,1460000,9.39211e-58
Model2,1480000,9.4908e-58
Model2,1500000,9.47175e-58
Model2,1520000,9.52514e-58
Model2,1540000,9.53623e-58
Model2,1560000,9.54986e-58
Model2,1580000,9.59232e-58
Model2,1600000,9.82677e-58
Model2,1620000,9.75144e-58
Model2,1640000,9.66821e-58
Model2,1660000,9.75271e-58
Model2,1680000,9.85451e-58
Model2,1700000,9.87078e-58
Model2,1720000,9.78918e-58
Model2,1740000,9.73193e-58
Model2,1760000,9.67937e-58
Model2,1780000,9.6668e-58
Model2,1800000,9.74516e-58
Model2,1820000,9.75426e-58
Model2,1840000,9.87168e-58
Model2,1860000,9.97349e-58
Model2,1880000,9.979e-58
Model2,1900000,9.9887e-58
Model2,1920000,1.00158e-57
Model2,1940000,1.00747e-57
Model2,1960000,1.00035e-57
Model2,1980000,9.94122e-58
Model2,2000000,9.86614e-58
Model1,20000,5.31719e-78
Model1,40000,4.61685e-78
Model1,60000,4.71148e-78
Model1,80000,4.61509e-78
Model1,100000,4.52398e-78
Model1,120000,4.68869e-78
Model1,140000,4.75091e-78
Model1,160000,4.76276e-78
Model1,180000,4.7568e-78
Model1,200000,4.85412e-78
Model1,220000,4.76319e-78
Model1,240000,4.79353e-78
Model1,260000,4.73471e-78
Model1,280000,4.66654e-78
Model1,300000,4.66919e-78
Model1,320000,4.68233e-78
Model1,340000,4.60819e-78
Model1,360000,4.60679e-78
Model1,380000,4.61436e-78
Model1,400000,4.60323e-78
Model1,420000,4.57374e-78
Model1,440000,4.51873e-78
Model1,460000,4.51393e-78
Model1,480000,4.52358e-78
Model1,500000,4.54754e-78
Model1,520000,4.55494e-78
Model1,540000,4.54049e-78
Model1,560000,4.54654e-78
Model1,580000,4.54349e-78
Model1,600000,4.52668e-78
Model1,620000,4.52501e-78
Model1,640000,4.51649e-78
Model1,660000,4.51697e-78
Model1,680000,4.54071e-78
Model1,700000,4.5587e-78
Model1,720000,4.52747e-78
Model1,740000,4.52469e-78
Model1,760000,4.52579e-78
Model1,780000,4.52427e-78
Model1,800000,4.53083e-78
Model1,820000,4.52181e-78
Model1,840000,4.53785e-78
Model1,860000,4.52824e-78
Model1,880000,4.51672e-78
Model1,900000,4.5143e-78
Model1,920000,4.51473e-78
Model1,940000,4.5138e-78
Model1,960000,4.50982e-78
Model1,980000,4.49989e-78
Model1,1000000,4.51394e-78
Model1,1020000,4.51853e-78
Model1,1040000,4.49676e-78
Model1,1060000,4.49664e-78
Model1,1080000,4.5114e-78
Model1,1100000,4.513e-78
Model1,1120000,4.51202e-78
Model1,1140000,4.52627e-78
Model1,1160000,4.53259e-78
Model1,1180000,4.5285e-78
Model1,1200000,4.53991e-78
Model1,1220000,4.53433e-78
Model1,1240000,4.54504e-78
Model1,1260000,4.5484e-78
Model1,1280000,4.56365e-78
Model1,1300000,4.55159e-78
Model1,1320000,4.57155e-78
Model1,1340000,4.56225e-78
Model1,1360000,4.56194e-78
Model1,1380000,4.56058e-78
Model1,1400000,4.5582e-78
Model1,1420000,4.54773e-78
Model1,1440000,4.54541e-78
Model1,1460000,4.5436e-78
Model1,1480000,4.53095e-78
Model1,1500000,4.52853e-78
Model1,1520000,4.53618e-78
Model1,1540000,4.53298e-78
Model1,1560000,4.53386e-78
Model1,1580000,4.52997e-78
Model1,1600000,4.52783e-78
Model1,1620000,4.51962e-78
Model1,1640000,4.53109e-78
Model1,1660000,4.53288e-78
Model1,1680000,4.54515e-78
Model1,1700000,4.56248e-78
Model1,1720000,4.56271e-78
Model1,1740000,4.5641e-78
Model1,1760000,4.56521e-78
Model1,1780000,4.56339e-78
Model1,1800000,4.56337e-78
Model1,1820000,4.55656e-78
Model1,1840000,4.55627e-78
Model1,1860000,4.55064e-78
Model1,1880000,4.54609e-78
Model1,1900000,4.55254e-78
Model1,1920000,4.55656e-78
Model1,1940000,4.55486e-78
Model1,1960000,4.55279e-78
Model1,1980000,4.54248e-78
Model1,2000000,4.54413e-78
Model2,20000,1.64698e-78
Model2,40000,1.63839e-78
Model2,60000,1.43789e-78
Model2,80000,1.5105e-78
Model2,100000,1.46254e-78
Model2,120000,1.51532e-78
Model2,140000,1.50486e-78
Model2,160000,1.5821e-78
Model2,180000,1.595e-78
Model2,200000,1.61507e-78
Model2,220000,1.60135e-78
Model2,240000,1.61587e-78
Model2,260000,1.64876e-78
Model2,280000,1.61424e-78
Model2,300000,1.62286e-78
Model2,320000,1.62464e-78
Model2,340000,1.62168e-78
Model2,360000,1.63252e-78
Model2,380000,1.63932e-78
Model2,400000,1.64438e-78
Model2,420000,1.63252e-78
Model2,440000,1.64066e-78
Model2,460000,1.63446e-78
Model2,480000,1.61932e-78
Model2,500000,1.60854e-78
Model2,520000,1.59335e-78
Model2,540000,1.57119e-78
Model2,560000,1.56069e-78
Model2,580000,1.54394e-78
Model2,600000,1.54556e-78
Model2,620000,1.53524e-78
Model2,640000,1.53842e-78
Model2,660000,1.54283e-78
Model2,680000,1.53265e-78
Model2,700000,1.54084e-78
Model2,720000,1.54048e-78
Model2,740000,1.55119e-78
Model2,760000,1.54427e-78
Model2,780000,1.54191e-78
Model2,800000,1.53762e-78
Model2,820000,1.53566e-78
Model2,840000,1.52984e-78
Model2,860000,1.5279e-78
Model2,880000,1.53573e-78
Model2,900000,1.54266e-78
Model2,920000,1.53574e-78
Model2,940000,1.54425e-78
Model2,960000,1.53658e-78
Model2,980000,1.53124e-78
Model2,1000000,1.52498e-78
Model2,1020000,1.52609e-78
Model2,1040000,1.52596e-78
Model2,1060000,1.52107e-78
Model2,1080000,1.51498e-78
Model2,1100000,1.52271e-78
Model2,1120000,1.51372e-78
Model2,1140000,1.5179e-78
Model2,1160000,1.52647e-78
Model2,1180000,1.51961e-78
Model2,1200000,1.51491e-78
Model2,1220000,1.51515e-78
Model2,1240000,1.51331e-78
Model2,1260000,1.51892e-78
Model2,1280000,1.51778e-78
Model2,1300000,1.5244e-78
Model2,1320000,1.51651e-78
Model2,1340000,1.51616e-78
Model2,1360000,1.51283e-78
Model2,1380000,1.50705e-78
Model2,1400000,1.51277e-78
Model2,1420000,1.52064e-78
Model2,1440000,1.52066e-78
Model2,1460000,1.5163e-78
Model2,1480000,1.50664e-78
Model2,1500000,1.50434e-78
Model2,1520000,1.50907e-78
Model2,1540000,1.50646e-78
Model2,1560000,1.50567e-78
Model2,1580000,1.50777e-78
Model2,1600000,1.51e-78
Model2,1620000,1.51618e-78
Model2,1640000,1.51833e-78
Model2,1660000,1.51133e-78
Model2,1680000,1.51134e-78
Model2,1700000,1.51412e-78
Model2,1720000,1.517e-78
Model2,1740000,1.52586e-78
Model2,1760000,1.52543e-78
Model2,1780000,1.52637e-78
Model2,1800000,1.52516e-78
Model2,1820000,1.53291e-78
Model2,1840000,1.52902e-78
Model2,1860000,1.5274e-78
Model2,1880000,1.5254e-78
Model2,1900000,1.52534e-78
Model2,1920000,1.52405e-78
Model2,1940000,1.52606e-78
Model2,1960000,1.53514e-78
Model2,1980000,1.53641e-78
Model2,2000000,1.5365e-78
Model1,20000,1.48046e-37
Model1,40000,1.42573e-37
Model1,60000,1.49005e-37
Model1,80000,1.44746e-37
Model1,100000,1.37859e-37
Model1,120000,1.38958e-37
Model1,140000,1.39899e-37
Model1,160000,1.37597e-37
Model1,180000,1.38903e-37
Model1,200000,1.40482e-37
Model1,220000,1.40235e-37
Model1,240000,1.41541e-37
Model1,260000,1.42693e-37
Model1,280000,1.42729e-37
Model1,300000,1.43659e-37
Model1,320000,1.42896e-37
Model1,340000,1.43281e-37
Model1,360000,1.43972e-37
Model1,380000,1.44955e-37
Model1,400000,1.45188e-37
Model1,420000,1.44611e-37
Model1,440000,1.45531e-37
Model1,460000,1.45239e-37
Model1,480000,1.46293e-37
Model1,500000,1.46158e-37
Model1,520000,1.46264e-37
Model1,540000,1.46754e-37
Model1,560000,1.46114e-37
Model1,580000,1.46065e-37
Model1,600000,1.45466e-37
Model1,620000,1.45448e-37
Model1,640000,1.45085e-37
Model1,660000,1.45271e-37
Model1,680000,1.45332e-37
Model1,700000,1.45413e-37
Model1,720000,1.45021e-37
Model1,740000,1.45718e-37
Model1,760000,1.46257e-37
Model1,780000,1.46499e-37
Model1,800000,1.47099e-37
Model1,820000,1.46981e-37
Model1,840000,1.46879e-37
Model1,860000,1.47189e-37
Model1,880000,1.47124e-37
Model1,900000,1.47074e-37
Model1,920000,1.47262e-37
Model1,940000,1.46888e-37
Model1,960000,1.46935e-37
Model1,980000,1.46597e-37
Model1,1000000,1.46505e-37
Model1,1020000,1.46242e-37
Model1,1040000,1.46046e-37
Model1,1060000,1.4622e-37
Model1,1080000,1.46144e-37
Model1,1100000,1.4647e-37
Model1,1120000,1.46965e-37
Model1,1140000,1.47184e-37
Model1,1160000,1.47465e-37
Model1,1180000,1.47208e-37
Model1,1200000,1.47087e-37
Model1,1220000,1.47429e-37
Model1,1240000,1.47598e-37
Model1,1260000,1.47972e-37
Model1,1280000,1.47986e-37
Model1,1300000,1.48386e-37
Model1,1320000,1.4812e-37
Model1,1340000,1.47972e-37
Model1,1360000,1.476e-37
Model1,1380000,1.47587e-37
Model1,1400000,1.47275e-37
Model1,1420000,1.47085e-37
Model1,1440000,1.4709e-37
Model1,1460000,1.46848e-37
Model1,1480000,1.46407e-37
Model1,1500000,1.46418e-37
Model1,1520000,1.46311e-37
Model1,1540000,1.46193e-37
Model1,1560000,1.45872e-37
Model1,1580000,1.4578e-37
Model1,1600000,1.45761e-37
Model1,1620000,1.45652e-37
Model1,1640000,1.46034e-37
Model1,1660000,1.45993e-37
Model1,1680000,1.45784e-37
Model1,1700000,1.45744e-37
Model1,1720000,1.45925e-37
Model1,1740000,1.46019e-37
Model1,1760000,1.45818e-37
Model1,1780000,1.45881e-37
Model1,1800000,1.45705e-37
Model1,1820000,1.45709e-37
Model1,1840000,1.46101e-37
Model1,1860000,1.46104e-37
Model1,1880000,1.45779e-37
Model1,1900000,1.45785e-37
Model1,1920000,1.45796e-37
Model1,1940000,1.45764e-37
Model1,1960000,1.45854e-37
Model1,1980000,1.45796e-37
Model1,2000000,1.46014e-37
Model2,20000,3.41013e-38
Model2,40000,3.25485e-38
Model2,60000,3.2803e-38
Model2,80000,3.0534e-38
Model2,100000,3.14432e-38
Model2,120000,3.04601e-38
Model2,140000,2.98307e-38
Model2,160000,2.94835e-38
Model2,180000,2.85031e-38
Model2,200000,2.89856e-38
Model2,220000,2.94028e-38
Model2,240000,2.87985e-38
Model2,260000,2.86301e-38
Model2,280000,2.92259e-38
Model2,300000,2.87389e-38
Model2,320000,2.87884e-38
Model2,340000,2.81426e-38
Model2,360000,2.76917e-38
Model2,380000,2.79647e-38
Model2,400000,2.81197e-38
Model2,420000,2.81177e-38
Model2,440000,2.81865e-38
Model2,460000,2.81321e-38
Model2,480000,2.81939e-38
Model2,500000,2.79208e-38
Model2,520000,2.85771e-38
Model2,540000,2.86556e-38
Model2,560000,2.90554e-38
Model2,580000,2.88272e-38
Model2,600000,2.86391e-38
Model2,620000,2.85332e-38
Model2,640000,2.86075e-38
Model2,660000,2.83759e-38
Model2,680000,2.84093e-38
Model2,700000,2.82069e-38
Model2,720000,2.8251e-38
Model2,740000,2.82583e-38
Model2,760000,2.82428e-38
Model2,780000,2.82879e-38
Model2,800000,2.85799e-38
Model2,820000,2.87956e-38
Model2,840000,2.85502e-38
Model2,860000,2.86304e-38
Model2,880000,2.87934e-38
Model2,900000,2.88269e-38
Model2,920000,2.87452e-38
Model2,940000,2.87767e-38
Model2,960000,2.87613e-38
Model2,980000,2.87415e-38
Model2,1000000,2.86328e-38
Model2,1020000,2.85993e-38
Model2,1040000,2.8657e-38
Model2,1060000,2.87752e-38
Model2,1080000,2.88143e-38
Model2,1100000,2.86487e-38
Model2,1120000,2.87645e-38
Model2,1140000,2.88805e-38
Model2,1160000,2.8932e-38
Model2,1180000,2.90903e-38
Model2,1200000,2.89855e-38
Model2,1220000,2.91235e-38
Model2,1240000,2.92011e-38
Model2,1260000,2.91232e-38
Model2,1280000,2.92219e-38
Model2,1300000,2.92374e-38
Model2,1320000,2.92213e-38
Model2,1340000,2.9072e-38
Model2,1360000,2.89935e-38
Model2,1380000,2.90053e-38
Model2,1400000,2.9132e-38
Model2,1420000,2.90809e-38
Model2,1440000,2.90871e-38
Model2,1460000,2.90367e-38
Model2,1480000,2.89237e-38
Model2,1500000,2.90188e-38
Model2,1520000,2.91102e-38
Model2,1540000,2.92557e-38
Model2,1560000,2.92891e-38
Model2,1580000,2.92331e-38
Model2,1600000,2.93243e-38
Model2,1620000,2.93792e-38
Model2,1640000,2.94087e-38
Model2,1660000,2.94032e-38
Model2,1680000,2.94287e-38
Model2,1700000,2.94069e-38
Model2,1720000,2.94516e-38
Model2,1740000,2.95391e-38
Model2,1760000,2.95052e-38
Model2,1780000,2.95521e-38
Model2,1800000,2.94528e-38
Model2,1820000,2.93921e-38
Model2,1840000,2.93006e-38
Model2,1860000,2.91975e-38
Model2,1880000,2.93253e-38
Model2,1900000,2.93129e-38
Model2,1920000,2.92287e-38
Model2,1940000,2.93155e-38
Model2,1960000,2.93047e-38
Model2,1980000,2.9253e-38
Model2,2000000,2.93214e-38
Model1,20000,8.81024e-55
Model1,40000,8.83658e-55
Model1,60000,8.66441e-55
Model1,80000,8.64887e-55
Model1,100000,8.62144e-55
Model1,120000,8.522e-55
Model1,140000,8.48207e-55
Model1,160000,8.558e-55
Model1,180000,8.52513e-55
Model1,200000,8.57802e-55
Model1,220000,8.63761e-55
Model1,240000,8.66139e-55
Model1,260000,8.6232e-55
Model1,280000,8.56684e-55
Model1,300000,8.57285e-55
Model1,320000,8.52347e-55
Model1,340000,8.53331e-55
Model1,360000,8.48883e-55
Model1,380000,8.52383e-55
Model1,400000,8.49654e-55
Model1,420000,8.50297e-55
Model1,440000,8.51784e-55
Model1,460000,8.47574e-55
Model1,480000,8.47099e-55
Model1,500000,8.46633e-55
Model1,520000,8.46786e-55
Model1,540000,8.49204e-55
Model1,560000,8.43958e-55
Model1,580000,8.44681e-55
Model1,600000,8.43563e-55
Model1,620000,8.45292e-55
Model1,640000,8.43958e-55
Model1,660000,8.46719e-55
Model1,680000,8.49611e-55
Model1,700000,8.4848e-55
Model1,720000,8.49513e-55
Model1,740000,8.47663e-55
Model1,760000,8.52536e-55
Model1,780000,8.55569e-55
Model1,800000,8.56904e-55
Model1,820000,8.57587e-55
Model1,840000,8.5904e-55
Model1,860000,8.58381e-55
Model1,880000,8.60947e-55
Model1,900000,8.60457e-55
Model1,920000,8.61625e-55
Model1,940000,8.6038e-55
Model1,960000,8.58311e-55
Model1,980000,8.56545e-55
Model1,1000000,8.57559e-55
Model1,1020000,8.57492e-55
Model1,1040000,8.56269e-55
Model1,1060000,8.56402e-55
Model1,1080000,8.56186e-55
Model1,1100000,8.55139e-55
Model1,1120000,8.52237e-55
Model1,1140000,8.53833e-55
Model1,1160000,8.53872e-55
Model1,1180000,8.5422e-55
Model1,1200000,8.54531e-55
Model1,1220000,8.5381e-55
Model1,1240000,8.54887e-55
Model1,1260000,8.54348e-55
Model1,1280000,8.54702e-55
Model1,1300000,8.54905e-55
Model1,1320000,8.56133e-55
Model1,1340000,8.5567e-55
Model1,1360000,8.54655e-55
Model1,1380000,8.55022e-55
Model1,1400000,8.55505e-55
Model1,1420000,8.5613e-55
Model1,1440000,8.57184e-55
Model1,1460000,8.57205e-55
Model1,1480000,8.5776e-55
Model1,1500000,8.57659e-55
Model1,1520000,8.57855e-55
Model1,1540000,8.57884e-55
Model1,1560000,8.58888e-55
Model1,1580000,8.60944e-55
Model1,1600000,8.60287e-55
Model1,1620000,8.61422e-55
Model1,1640000,8.61657e-55
Model1,1660000,8.61981e-55
Model1,1680000,8.61737e-55
Model1,1700000,8.61097e-55
Model1,1720000,8.60892e-55
Model1,1740000,8.61177e-55
Model1,1760000,8.61318e-55
Model1,1780000,8.61955e-55
Model1,1800000,8.6207e-55
Model1,1820000,8.62957e-55
Model1,1840000,8.62883e-55
Model1,1860000,8.62559e-55
Model1,1880000,8.62803e-55
Model1,1900000,8.62374e-55
Model1,1920000,8.62425e-55
Model1,1940000,8.62447e-55
Model1,1960000,8.62258e-55
Model1,1980000,8.61723e-55
Model1,2000000,8.61887e-55
Model2,20000,2.41033e-47
Model2,40000,1.93535e-47
Model2,60000,3.74938e-47
Model2,80000,3.39919e-47
Model2,100000,3.11685e-47
Model2,120000,2.84903e-47
Model2,140000,3.51057e-47
Model2,160000,3.31927e-47
Model2,180000,3.04386e-47
Model2,200000,2.91411e-47
Model2,220000,2.93757e-47
Model2,240000,3.25304e-47
Model2,260000,3.22699e-47
Model2,280000,3.62784e-47
Model2,300000,3.75643e-47
Model2,320000,3.58552e-47
Model2,340000,3.54012e-47
Model2,360000,3.48903e-47
Model2,380000,3.6099e-47
Model2,400000,3.71036e-47
Model2,420000,3.84197e-47
Model2,440000,3.77704e-47
Model2,460000,3.66026e-47
Model2,480000,3.52469e-47
Model2,500000,3.48296e-47
Model2,520000,3.43868e-47
Model2,540000,3.55597e-47
Model2,560000,3.6402e-47
Model2,580000,3.68866e-47
Model2,600000,3.79639e-47
Model2,620000,4.04983e-47
Model2,640000,4.09082e-47
Model2,660000,4.10498e-47
Model2,680000,4.00313e-47
Model2,700000,3.98983e-47
Model2,720000,3.91522e-47
Model2,740000,3.90979e-47
Model2,760000,3.89698e-47
Model2,780000,3.94932e-47
Model2,800000,4.04448e-47
Model2,820000,3.99771e-47
Model2,840000,3.99115e-47
Model2,860000,4.1529e-47
Model2,880000,4.09086e-47
Model2,900000,4.14148e-47
Model2,920000,4.10433e-47
Model2,940000,4.07091e-47
Model2,960000,3.99907e-47
Model2,980000,4.08704e-47
Model2,1000000,4.11322e-47
Model2,1020000,4.17068e-47
Model2,1040000,4.15131e-47
Model2,1060000,4.11331e-47
Model2,1080000,4.06115e-47
Model2,1100000,4.08646e-47
Model2,1120000,4.16415e-47
Model2,1140000,4.12885e-47
Model2,1160000,4.09352e-47
Model2,1180000,4.09569e-47
Model2,1200000,4.10136e-47
Model2,1220000,4.0807e-47
Model2,1240000,4.0916e-47
Model2,1260000,4.16559e-47
Model2,1280000,4.16019e-47
Model2,1300000,4.18371e-47
Model2,1320000,4.19388e-47
Model2,1340000,4.17492e-47
Model2,1360000,4.34232e-47
Model2,1380000,4.30206e-47
Model2,1400000,4.42083e-47
Model2,1420000,4.41742e-47
Model2,1440000,4.41241e-47
Model2,1460000,4.36393e-47
Model2,1480000,4.32998e-47
Model2,1500000,4.36496e-47
Model2,1520000,4.343e-47
Model2,1540000,4.31567e-47
Model2,1560000,4.31571e-47
Model2,1580000,4.32507e-47
Model2,1600000,4.33157e-47
Model2,1620000,4.3355e-47
Model2,1640000,4.31089e-47
Model2,1660000,4.32313e-47
Model2,1680000,4.30549e-47
Model2,1700000,4.30388e-47
Model2,1720000,4.30567e-47
Model2,1740000,4.28649e-47
Model2,1760000,4.2521e-47
Model2,1780000,4.27294e-47
Model2,1800000,4.2692e-47
Model2,1820000,4.29259e-47
Model2,1840000,4.29274e-47
Model2,1860000,4.36381e-47
Model2,1880000,4.33718e-47
Model2,1900000,4.36082e-47
Model2,1920000,4.43491e-47
Model2,1940000,4.48416e-47
Model2,1960000,4.57021e-47
Model2,1980000,4.53906e-47
Model2,2000000,4.53209e-47
Model1,20000,3.60529e-66
Model1,40000,3.43467e-66
Model1,60000,3.4278e-66
Model1,80000,3.26867e-66
Model1,100000,3.22415e-66
Model1,120000,3.16113e-66
Model1,140000,3.10067e-66
Model1,160000,3.1199e-66
Model1,180000,3.12534e-66
Model1,200000,3.12085e-66
Model1,220000,3.10847e-66
Model1,240000,3.11309e-66
Model1,260000,3.1383e-66
Model1,280000,3.14229e-66
Model1,300000,3.16843e-66
Model1,320000,3.15976e-66
Model1,340000,3.15508e-66
Model1,360000,3.16444e-66
Model1,380000,3.16447e-66
Model1,400000,3.18626e-66
Model1,420000,3.15428e-66
Model1,440000,3.1602e-66
Model1,460000,3.17438e-66
Model1,480000,3.18783e-66
Model1,500000,3.19885e-66
Model1,520000,3.2068e-66
Model1,540000,3.20644e-66
Model1,560000,3.1961e-66
Model1,580000,3.20047e-66
Model1,600000,3.18989e-66
Model1,620000,3.17816e-66
Model1,640000,3.17157e-66
Model1,660000,3.18691e-66
Model1,680000,3.19198e-66
Model1,700000,3.20492e-66
Model1,720000,3.20756e-66
Model1,740000,3.22146e-66
Model1,760000,3.22109e-66
Model1,780000,3.2269e-66
Model1,800000,3.22418e-66
Model1,820000,3.22739e-66
Model1,840000,3.23259e-66
Model1,860000,3.24301e-66
Model1,880000,3.24303e-66
Model1,900000,3.24407e-66
Model1,920000,3.24201e-66
Model1,940000,3.23976e-66
Model1,960000,3.22891e-66
Model1,980000,3.22972e-66
Model1,1000000,3.22553e-66
Model1,1020000,3.21967e-66
Model1,1040000,3.21162e-66
Model1,1060000,3.21944e-66
Model1,1080000,3.22814e-66
Model1,1100000,3.22723e-66
Model1,1120000,3.23477e-66
Model1,1140000,3.23155e-66
Model1,1160000,3.23456e-66
Model1,1180000,3.23476e-66
Model1,1200000,3.23827e-66
Model1,1220000,3.24409e-66
Model1,1240000,3.24963e-66
Model1,1260000,3.24773e-66
Model1,1280000,3.24981e-66
Model1,1300000,3.25327e-66
Model1,1320000,3.25601e-66
Model1,1340000,3.25384e-66
Model1,1360000,3.25651e-66
Model1,1380000,3.25792e-66
Model1,1400000,3.2537e-66
Model1,1420000,3.25389e-66
Model1,1440000,3.25614e-66
Model1,1460000,3.25653e-66
Model1,1480000,3.26036e-66
Model1,1500000,3.2628e-66
Model1,1520000,3.26253e-66
Model1,1540000,3.26262e-66
Model1,1560000,3.26114e-66
Model1,1580000,3.25556e-66
Model1,1600000,3.26008e-66
Model1,1620000,3.26218e-66
Model1,1640000,3.25855e-66
Model1,1660000,3.25697e-66
Model1,1680000,3.25515e-66
Model1,1700000,3.25262e-66
Model1,1720000,3.25348e-66
Model1,1740000,3.25301e-66
Model1,1760000,3.25283e-66
Model1,1780000,3.25253e-66
Model1,1800000,3.25422e-66
Model1,1820000,3.25104e-66
Model1,1840000,3.25371e-66
Model1,1860000,3.25334e-66
Model1,1880000,3.25247e-66
Model1,1900000,3.24865e-66
Model1,1920000,3.24742e-66
Model1,1940000,3.24516e-66
Model1,1960000,3.24421e-66
Model1,1980000,3.24164e-66
Model1,2000000,3.24542e-66
Model2,20000,1.69365e-55
Model2,40000,8.48499e-56
Model2,60000,5.92979e-56
Model2,80000,4.99724e-56
Model2,100000,4.26373e-56
Model2,120000,3.64544e-56
Model2,140000,3.13208e-56
Model2,160000,2.83113e-56
Model2,180000,2.82082e-56
Model2,200000,2.58508e-56
Model2,220000,2.45687e-56
Model2,240000,2.26735e-56
Model2,260000,2.44418e-56
Model2,280000,2.31627e-56
Model2,300000,2.30429e-56
Model2,320000,2.17295e-56
Model2,340000,2.09493e-56
Model2,360000,2.59424e-56
Model2,380000,2.46509e-56
Model2,400000,2.42684e-56
Model2,420000,2.31303e-56
Model2,440000,2.2415e-56
Model2,460000,2.34163e-56
Model2,480000,2.5195e-56
Model2,500000,2.42151e-56
Model2,520000,2.38624e-56
Model2,540000,2.3032e-56
Model2,560000,2.25606e-56
Model2,580000,2.21574e-56
Model2,600000,2.14244e-56
Model2,620000,2.0745e-56
Model2,640000,2.01378e-56
Model2,660000,2.07465e-56
Model2,680000,2.03835e-56
Model2,700000,2.17555e-56
Model2,720000,2.11609e-56
Model2,740000,2.0598e-56
Model2,760000,2.07685e-56
Model2,780000,2.02785e-56
Model2,800000,1.99357e-56
Model2,820000,2.24354e-56
Model2,840000,2.19964e-56
Model2,860000,2.15011e-56
Model2,880000,2.12266e-56
Model2,900000,2.07717e-56
Model2,920000,2.03331e-56
Model2,940000,2.03914e-56
Model2,960000,2.00831e-56
Model2,980000,2.17742e-56
Model2,1000000,2.1814e-56
Model2,1020000,2.17323e-56
Model2,1040000,2.13332e-56
Model2,1060000,2.09625e-56
Model2,1080000,2.08723e-56
Model2,1100000,2.07432e-56
Model2,1120000,2.03735e-56
Model2,1140000,2.05409e-56
Model2,1160000,2.07326e-56
Model2,1180000,2.05065e-56
Model2,1200000,2.03844e-56
Model2,1220000,2.00744e-56
Model2,1240000,1.98452e-56
Model2,1260000,1.98093e-56
Model2,1280000,2.08041e-56
Model2,1300000,2.15452e-56
Model2,1320000,2.16645e-56
Model2,1340000,2.13529e-56
Model2,1360000,2.10471e-56
Model2,1380000,2.11649e-56
Model2,1400000,2.09065e-56
Model2,1420000,2.06124e-56
Model2,1440000,2.04508e-56
Model2,1460000,2.02451e-56
Model2,1480000,2.007e-56
Model2,1500000,1.98091e-56
Model2,1520000,1.95494e-56
Model2,1540000,2.06152e-56
Model2,1560000,2.04025e-56
Model2,1580000,2.04465e-56
Model2,1600000,2.01932e-56
Model2,1620000,1.99501e-56
Model2,1640000,2.06603e-56
Model2,1660000,2.04136e-56
Model2,1680000,2.02213e-56
Model2,1700000,2.0043e-56
Model2,1720000,1.98571e-56
Model2,1740000,1.97054e-56
Model2,1760000,2.01135e-56
Model2,1780000,1.9918e-56
Model2,1800000,1.96988e-56
Model2,1820000,1.95508e-56
Model2,1840000,1.95437e-56
Model2,1860000,1.93352e-56
Model2,1880000,1.91518e-56
Model2,1900000,1.89701e-56
Model2,1920000,1.88204e-56
Model2,1940000,1.86463e-56
Model2,1960000,1.84603e-56
Model2,1980000,1.85212e-56
Model2,2000000,1.83472e-56
Model1,20000,3.10923e-58
Model1,40000,3.02542e-58
Model1,60000,2.89192e-58
Model1,80000,2.95809e-58
Model1,100000,2.8683e-58
Model1,120000,2.85073e-58
Model1,140000,2.86281e-58
Model1,160000,2.83738e-58
Model1,180000,2.85634e-58
Model1,200000,2.85014e-58
Model1,220000,2.81543e-58
Model1,240000,2.83931e-58
Model1,260000,2.82629e-58
Model1,280000,2.83713e-58
Model1,300000,2.83332e-58
Model1,320000,2.82096e-58
Model1,340000,2.81918e-58
Model1,360000,2.82431e-58
Model1,380000,2.81718e-58
Model1,400000,2.80816e-58
Model1,420000,2.79777e-58
Model1,440000,2.79868e-58
Model1,460000,2.78498e-58
Model1,480000,2.79016e-58
Model1,500000,2.79899e-58
Model1,520000,2.79471e-58
Model1,540000,2.79253e-58
Model1,560000,2.79398e-58
Model1,580000,2.80193e-58
Model1,600000,2.8003e-58
Model1,620000,2.80572e-58
Model1,640000,2.79938e-58
Model1,660000,2.79465e-58
Model1,680000,2.79831e-58
Model1,700000,2.79896e-58
Model1,720000,2.79042e-58
Model1,740000,2.78832e-58
Model1,760000,2.79994e-58
Model1,780000,2.80429e-58
Model1,800000,2.79973e-58
Model1,820000,2.80418e-58
Model1,840000,2.80551e-58
Model1,860000,2.79303e-58
Model1,880000,2.79144e-58
Model1,900000,2.79833e-58
Model1,920000,2.79838e-58
Model1,940000,2.80056e-58
Model1,960000,2.80732e-58
Model1,980000,2.80819e-58
Model1,1000000,2.81165e-58
Model1,1020000,2.81509e-58
Model1,1040000,2.81645e-58
Model1,1060000,2.81551e-58
Model1,1080000,2.8149e-58
Model1,1100000,2.81549e-58
Model1,1120000,2.81174e-58
Model1,1140000,2.81467e-58
Model1,1160000,2.81047e-58
Model1,1180000,2.80991e-58
Model1,1200000,2.81207e-58
Model1,1220000,2.81182e-58
Model1,1240000,2.81116e-58
Model1,1260000,2.81521e-58
Model1,1280000,2.81638e-58
Model1,1300000,2.81655e-58
Model1,1320000,2.81491e-58
Model1,1340000,2.81538e-58
Model1,1360000,2.81288e-58
Model1,1380000,2.81936e-58
Model1,1400000,2.81677e-58
Model1,1420000,2.81426e-58
Model1,1440000,2.8152e-58
Model1,1460000,2.81433e-58
Model1,1480000,2.81501e-58
Model1,1500000,2.81612e-58
Model1,1520000,2.8158e-58
Model1,1540000,2.81904e-58
Model1,1560000,2.81955e-58
Model1,1580000,2.81523e-58
Model1,1600000,2.81572e-58
Model1,1620000,2.81657e-58
Model1,1640000,2.81773e-58
Model1,1660000,2.81819e-58
Model1,1680000,2.81849e-58
Model1,1700000,2.81951e-58
Model1,1720000,2.82044e-58
Model1,1740000,2.82323e-58
Model1,1760000,2.82158e-58
Model1,1780000,2.82223e-58
Model1,1800000,2.82497e-58
Model1,1820000,2.82601e-58
Model1,1840000,2.82744e-58
Model1,1860000,2.8296e-58
Model1,1880000,2.8313e-58
Model1,1900000,2.83256e-58
Model1,1920000,2.83091e-58
Model1,1940000,2.83119e-58
Model1,1960000,2.83451e-58
Model1,1980000,2.83437e-58
Model1,2000000,2.83388e-58
Model2,20000,6.42034e-56
Model2,40000,7.74398e-56
Model2,60000,7.66735e-56
Model2,80000,7.58468e-56
Model2,100000,7.11613e-56
Model2,120000,7.40804e-56
Model2,140000,7.31291e-56
Model2,160000,7.53366e-56
Model2,180000,6.90314e-56
Model2,200000,6.9974e-56
Model2,220000,6.95128e-56
Model2,240000,6.77932e-56
Model2,260000,6.68051e-56
Model2,280000,6.50359e-56
Model2,300000,6.2817e-56
Model2,320000,6.08786e-56
Model2,340000,5.9615e-56
Model2,360000,6.02826e-56
Model2,380000,5.97204e-56
Model2,400000,5.89292e-56
Model2,420000,5.82794e-56
Model2,440000,5.97336e-56
Model2,460000,5.9516e-56
Model2,480000,6.02619e-56
Model2,500000,6.01958e-56
Model2,520000,6.14807e-56
Model2,540000,6.12169e-56
Model2,560000,6.1999e-56
Model2,580000,6.1161e-56
Model2,600000,6.06504e-56
Model2,620000,6.04411e-56
Model2,640000,5.92063e-56
Model2,660000,5.93299e-56
Model2,680000,6.08038e-56
Model2,700000,6.14119e-56
Model2,720000,6.14263e-56
Model2,740000,6.10346e-56
Model2,760000,6.02094e-56
Model2,780000,5.92412e-56
Model2,800000,5.88054e-56
Model2,820000,5.84782e-56
Model2,840000,5.79207e-56
Model2,860000,5.7746e-56
Model2,880000,5.75002e-56
Model2,900000,5.73285e-56
Model2,920000,5.69626e-56
Model2,940000,5.67237e-56
Model2,960000,5.69591e-56
Model2,980000,5.6757e-56
Model2,1000000,5.69871e-56
Model2,1020000,5.6977e-56
Model2,1040000,5.6929e-56
Model2,1060000,5.78732e-56
Model2,1080000,5.74954e-56
Model2,1100000,5.7608e-56
Model2,1120000,5.84321e-56
Model2,1140000,5.83403e-56
Model2,1160000,5.85463e-56
Model2,1180000,5.92254e-56
Model2,1200000,5.97603e-56
Model2,1220000,5.95213e-56
Model2,1240000,5.92337e-56
Model2,1260000,5.91446e-56
Model2,1280000,6.01697e-56
Model2,1300000,6.00262e-56
Model2,1320000,5.99998e-56
Model2,1340000,5.95571e-56
Model2,1360000,5.93638e-56
Model2,1380000,5.99747e-56
Model2,1400000,6.00619e-56
Model2,1420000,5.96667e-56
Model2,1440000,5.98873e-56
Model2,1460000,6.02386e-56
Model2,1480000,6.05583e-56
Model2,1500000,6.02235e-56
Model2,1520000,6.04416e-56
Model2,1540000,6.02147e-56
Model2,1560000,5.99333e-56
Model2,1580000,5.97388e-56
Model2,1600000,5.96762e-56
Model2,1620000,5.92678e-56
Model2,1640000,5.95477e-56
Model2,1660000,5.93032e-56
Model2,1680000,5.89786e-56
Model2,1700000,5.884e-56
Model2,1720000,5.8604e-56
Model2,1740000,5.87377e-56
Model2,1760000,5.86687e-56
Model2,1780000,5.86345e-56
Model2,1800000,5.88604e-56
Model2,1820000,5.88036e-56
Model2,1840000,5.94044e-56
Model2,1860000,5.93044e-56
Model2,1880000,5.88861e-56
Model2,1900000,5.87957e-56
Model2,1920000,5.86165e-56
Model2,1940000,5.84417e-56
Model2,1960000,5.80613e-56
Model2,1980000,5.77673e-56
Model2,2000000,5.75829e-56
Model1,20000,3.57665e-44
Model1,40000,3.55588e-44
Model1,60000,3.40689e-44
Model1,80000,3.38899e-44
Model1,100000,3.39457e-44
Model1,120000,3.44433e-44
Model1,140000,3.43063e-44
Model1,160000,3.41869e-44
Model1,180000,3.45874e-44
Model1,200000,3.46325e-44
Model1,220000,3.44262e-44
Model1,240000,3.42784e-44
Model1,260000,3.41636e-44
Model1,280000,3.4176e-44
Model1,300000,3.4382e-44
Model1,320000,3.45392e-44
Model1,340000,3.4441e-44
Model1,360000,3.46068e-44
Model1,380000,3.44618e-44
Model1,400000,3.46628e-44
Model1,420000,3.45818e-44
Model1,440000,3.45907e-44
Model1,460000,3.44152e-44
Model1,480000,3.45204e-44
Model1,500000,3.44839e-44
Model1,520000,3.44612e-44
Model1,540000,3.4454e-44
Model1,560000,3.44049e-44
Model1,580000,3.44427e-44
Model1,600000,3.4466e-44
Model1,620000,3.44709e-44
Model1,640000,3.46314e-44
Model1,660000,3.45884e-44
Model1,680000,3.44979e-44
Model1,700000,3.44884e-44
Model1,720000,3.45089e-44
Model1,740000,3.44787e-44
Model1,760000,3.45356e-44
Model1,780000,3.45525e-44
Model1,800000,3.44193e-44
Model1,820000,3.45164e-44
Model1,840000,3.46106e-44
Model1,860000,3.4582e-44
Model1,880000,3.45575e-44
Model1,900000,3.45144e-44
Model1,920000,3.45217e-44
Model1,940000,3.4523e-44
Model1,960000,3.45435e-44
Model1,980000,3.45257e-44
Model1,1000000,3.45548e-44
Model1,1020000,3.44756e-44
Model1,1040000,3.44767e-44
Model1,1060000,3.44795e-44
Model1,1080000,3.44577e-44
Model1,1100000,3.44812e-44
Model1,1120000,3.44721e-44
Model1,1140000,3.44684e-44
Model1,1160000,3.4491e-44
Model1,1180000,3.44341e-44
Model1,1200000,3.45032e-44
Model1,1220000,3.4488e-44
Model1,1240000,3.45039e-44
Model1,1260000,3.44884e-44
Model1,1280000,3.43933e-44
Model1,1300000,3.44087e-44
Model1,1320000,3.44314e-44
Model1,1340000,3.43378e-44
Model1,1360000,3.4242e-44
Model1,1380000,3.41969e-44
Model1,1400000,3.41236e-44
Model1,1420000,3.40668e-44
Model1,1440000,3.4069e-44
Model1,1460000,3.40809e-44
Model1,1480000,3.4066e-44
Model1,1500000,3.40502e-44
Model1,1520000,3.40563e-44
Model1,1540000,3.4081e-44
Model1,1560000,3.4096e-44
Model1,1580000,3.40409e-44
Model1,1600000,3.40643e-44
Model1,1620000,3.41023e-44
Model1,1640000,3.4085e-44
Model1,1660000,3.4131e-44
Model1,1680000,3.4138e-44
Model1,1700000,3.41365e-44
Model1,1720000,3.40915e-44
Model1,1740000,3.41252e-44
Model1,1760000,3.41038e-44
Model1,1780000,3.40895e-44
Model1,1800000,3.40744e-44
Model1,1820000,3.40759e-44
Model1,1840000,3.40628e-44
Model1,1860000,3.4067e-44
Model1,1880000,3.40507e-44
Model1,1900000,3.40776e-44
Model1,1920000,3.40939e-44
Model1,1940000,3.40885e-44
Model1,1960000,3.41025e-44
Model1,1980000,3.41272e-44
Model1,2000000,3.41253e-44
Model2,20000,3.65081e-43
Model2,40000,3.81063e-43
Model2,60000,3.5044e-43
Model2,80000,3.79714e-43
Model2,100000,3.61584e-43
Model2,120000,3.60776e-43
Model2,140000,3.82865e-43
Model2,160000,3.70975e-43
Model2,180000,3.64821e-43
Model2,200000,3.58264e-43
Model2,220000,3.52792e-43
Model2,240000,3.43429e-43
Model2,260000,3.55073e-43
Model2,280000,3.56494e-43
Model2,300000,3.48121e-43
Model2,320000,3.42805e-43
Model2,340000,3.46737e-43
Model2,360000,3.46262e-43
Model2,380000,3.50003e-43
Model2,400000,3.45923e-43
Model2,420000,3.6529e-43
Model2,440000,3.62418e-43
Model2,460000,3.73145e-43
Model2,480000,3.70723e-43
Model2,500000,3.71077e-43
Model2,520000,3.6935e-43
Model2,540000,3.68133e-43
Model2,560000,3.67209e-43
Model2,580000,3.72294e-43
Model2,600000,3.73735e-43
Model2,620000,3.7286e-43
Model2,640000,3.7155e-43
Model2,660000,3.70804e-43
Model2,680000,3.73636e-43
Model2,700000,3.70885e-43
Model2,720000,3.68811e-43
Model2,740000,3.67075e-43
Model2,760000,3.71602e-43
Model2,780000,3.71646e-43
Model2,800000,3.70244e-43
Model2,820000,3.72281e-43
Model2,840000,3.73364e-43
Model2,860000,3.75605e-43
Model2,880000,3.74033e-43
Model2,900000,3.73131e-43
Model2,920000,3.71544e-43
Model2,940000,3.71205e-43
Model2,960000,3.69942e-43
Model2,980000,3.68788e-43
Model2,1000000,3.67886e-43
Model2,1020000,3.67365e-43
Model2,1040000,3.66453e-43
Model2,1060000,3.6732e-43
Model2,1080000,3.65732e-43
Model2,1100000,3.64104e-43
Model2,1120000,3.63968e-43
Model2,1140000,3.68148e-43
Model2,1160000,3.67342e-43
Model2,1180000,3.68263e-43
Model2,1200000,3.65584e-43
Model2,1220000,3.66637e-43
Model2,1240000,3.6704e-43
Model2,1260000,3.65186e-43
Model2,1280000,3.65894e-43
Model2,1300000,3.66113e-43
Model2,1320000,3.66874e-43
Model2,1340000,3.65931e-43
Model2,1360000,3.66065e-43
Model2,1380000,3.66772e-43
Model2,1400000,3.66187e-43
Model2,1420000,3.65828e-43
Model2,1440000,3.66723e-43
Model2,1460000,3.66067e-43
Model2,1480000,3.66087e-43
Model2,1500000,3.68887e-43
Model2,1520000,3.69311e-43
Model2,1540000,3.73689e-43
Model2,1560000,3.71892e-43
Model2,1580000,3.72381e-43
Model2,1600000,3.75036e-43
Model2,1620000,3.75618e-43
Model2,1640000,3.75964e-43
Model2,1660000,3.75019e-43
Model2,1680000,3.73857e-43
Model2,1700000,3.7302e-43
Model2,1720000,3.73268e-43
Model2,1740000,3.72875e-43
Model2,1760000,3.73816e-43
Model2,1780000,3.73554e-43
Model2,1800000,3.74021e-43
Model2,1820000,3.72837e-43
Model2,1840000,3.7374e-43
Model2,1860000,3.74331e-43
Model2,1880000,3.75572e-43
Model2,1900000,3.76424e-43
Model2,1920000,3.75096e-43
Model2,1940000,3.7579e-43
Model2,1960000,3.76388e-43
Model2,1980000,3.76005e-43
Model2,2000000,3.76462e-43
Model1,20000,1.26521e-64
Model1,40000,1.1994e-64
Model1,60000,1.1633e-64
Model1,80000,1.15251e-64
Model1,100000,1.13679e-64
Model1,120000,1.14329e-64
Model1,140000,1.13656e-64
Model1,160000,1.1412e-64
Model1,180000,1.14483e-64
Model1,200000,1.14215e-64
Model1,220000,1.14124e-64
Model1,240000,1.13595e-64
Model1,260000,1.13265e-64
Model1,280000,1.13345e-64
Model1,300000,1.12793e-64
Model1,320000,1.13354e-64
Model1,340000,1.13115e-64
Model1,360000,1.12669e-64
Model1,380000,1.13058e-64
Model1,400000,1.1316e-64
Model1,420000,1.13396e-64
Model1,440000,1.13283e-64
Model1,460000,1.13694e-64
Model1,480000,1.13738e-64
Model1,500000,1.14491e-64
Model1,520000,1.14457e-64
Model1,540000,1.14311e-64
Model1,560000,1.14291e-64
Model1,580000,1.14663e-64
Model1,600000,1.1434e-64
Model1,620000,1.14525e-64
Model1,640000,1.14603e-64
Model1,660000,1.14446e-64
Model1,680000,1.14392e-64
Model1,700000,1.14282e-64
Model1,720000,1.14405e-64
Model1,740000,1.14328e-64
Model1,760000,1.1446e-64
Model1,780000,1.14198e-64
Model1,800000,1.14293e-64
Model1,820000,1.14182e-64
Model1,840000,1.14375e-64
Model1,860000,1.14423e-64
Model1,880000,1.1435e-64
Model1,900000,1.13986e-64
Model1,920000,1.14168e-64
Model1,940000,1.13831e-64
Model1,960000,1.13996e-64
Model1,980000,1.13795e-64
Model1,1000000,1.13777e-64
Model1,1020000,1.13716e-64
Model1,1040000,1.1376e-64
Model1,1060000,1.14064e-64
Model1,1080000,1.14167e-64
Model1,1100000,1.14126e-64
Model1,1120000,1.14122e-64
Model1,1140000,1.14417e-64
Model1,1160000,1.14629e-64
Model1,1180000,1.14677e-64
Model1,1200000,1.14626e-64
Model1,1220000,1.14631e-64
Model1,1240000,1.14819e-64
Model1,1260000,1.14778e-64
Model1,1280000,1.14611e-64
Model1,1300000,1.14685e-64
Model1,1320000,1.14636e-64
Model1,1340000,1.1471e-64
Model1,1360000,1.14873e-64
Model1,1380000,1.14914e-64
Model1,1400000,1.1481e-64
Model1,1420000,1.1499e-64
Model1,1440000,1.14947e-64
Model1,1460000,1.15001e-64
Model1,1480000,1.14908e-64
Model1,1500000,1.14895e-64
Model1,1520000,1.14924e-64
Model1,1540000,1.14883e-64
Model1,1560000,1.14987e-64
Model1,1580000,1.15016e-64
Model1,1600000,1.15276e-64
Model1,1620000,1.15442e-64
Model1,1640000,1.15425e-64
Model1,1660000,1.15406e-64
Model1,1680000,1.1553e-64
Model1,1700000,1.15619e-64
Model1,1720000,1.15652e-64
Model1,1740000,1.15557e-64
Model1,1760000,1.15629e-64
Model1,1780000,1.15651e-64
Model1,1800000,1.15623e-64
Model1,1820000,1.15846e-64
Model1,1840000,1.15752e-64
Model1,1860000,1.15834e-64
Model1,1880000,1.1599e-64
Model1,1900000,1.15866e-64
Model1,1920000,1.15932e-64
Model1,1940000,1.16026e-64
Model1,1960000,1.16101e-64
Model1,1980000,1.15991e-64
Model1,2000000,1.15792e-64
Model2,20000,9.7899e-58
Model2,40000,8.56583e-58
Model2,60000,1.55443e-57
Model2,80000,1.37498e-57
Model2,100000,1.2094e-57
Model2,120000,1.09723e-57
Model2,140000,9.95707e-58
Model2,160000,9.33869e-58
Model2,180000,1.1316e-57
Model2,200000,1.11214e-57
Model2,220000,1.05832e-57
Model2,240000,1.19985e-57
Model2,260000,1.24257e-57
Model2,280000,1.19489e-57
Model2,300000,1.22725e-57
Model2,320000,1.36068e-57
Model2,340000,1.37152e-57
Model2,360000,1.38183e-57
Model2,380000,1.42921e-57
Model2,400000,1.44413e-57
Model2,420000,1.41091e-57
Model2,440000,1.45917e-57
Model2,460000,1.4396e-57
Model2,480000,1.40042e-57
Model2,500000,1.36166e-57
Model2,520000,1.37941e-57
Model2,540000,1.35734e-57
Model2,560000,1.34149e-57
Model2,580000,1.31387e-57
Model2,600000,1.31842e-57
Model2,620000,1.29162e-57
Model2,640000,1.27991e-57
Model2,660000,1.26703e-57
Model2,680000,1.26361e-57
Model2,700000,1.25001e-57
Model2,720000,1.25373e-57
Model2,740000,1.23896e-57
Model2,760000,1.22672e-57
Model2,780000,1.24461e-57
Model2,800000,1.23299e-57
Model2,820000,1.24962e-57
Model2,840000,1.25451e-57
Model2,860000,1.27942e-57
Model2,880000,1.2607e-57
Model2,900000,1.27811e-57
Model2,920000,1.25573e-57
Model2,940000,1.25682e-57
Model2,960000,1.29689e-57
Model2,980000,1.29134e-57
Model2,1000000,1.27834e-57
Model2,1020000,1.30592e-57
Model2,1040000,1.30834e-57
Model2,1060000,1.30965e-57
Model2,1080000,1.34166e-57
Model2,1100000,1.33778e-57
Model2,1120000,1.32253e-57
Model2,1140000,1.3301e-57
Model2,1160000,1.31736e-57
Model2,1180000,1.32431e-57
Model2,1200000,1.325e-57
Model2,1220000,1.31856e-57
Model2,1240000,1.29972e-57
Model2,1260000,1.31512e-57
Model2,1280000,1.30356e-57
Model2,1300000,1.32402e-57
Model2,1320000,1.32066e-57
Model2,1340000,1.30983e-57
Model2,1360000,1.31522e-57
Model2,1380000,1.31016e-57
Model2,1400000,1.29734e-57
Model2,1420000,1.28275e-57
Model2,1440000,1.27194e-57
Model2,1460000,1.26238e-57
Model2,1480000,1.27149e-57
Model2,1500000,1.26207e-57
Model2,1520000,1.26894e-57
Model2,1540000,1.26122e-57
Model2,1560000,1.24904e-57
Model2,1580000,1.24014e-57
Model2,1600000,1.23372e-57
Model2,1620000,1.22994e-57
Model2,1640000,1.22078e-57
Model2,1660000,1.22375e-57
Model2,1680000,1.21951e-57
Model2,1700000,1.25605e-57
Model2,1720000,1.25801e-57
Model2,1740000,1.25408e-57
Model2,1760000,1.25207e-57
Model2,1780000,1.24375e-57
Model2,1800000,1.23532e-57
Model2,1820000,1.22964e-57
Model2,1840000,1.22224e-57
Model2,1860000,1.21687e-57
Model2,1880000,1.20966e-57
Model2,1900000,1.20321e-57
Model2,1920000,1.21986e-57
Model2,1940000,1.22157e-57
Model2,1960000,1.22657e-57
Model2,1980000,1.22323e-57
Model2,2000000,1.22458e-57
